text,labels
R F R R L R K W T R W R L K K I A M D,0
A C T K W K L F K K I F K R I V Q R I K D F L R A M D,1
G L K E I F K A G L G S L V K G I A A H V A S A M D,0
A T Y R T G R A T R E S L S G V E I S G R L Y R L R,1
P I I K R F L G K L T I P V Q R,0
R F R R L R K K I R K R L K K I A M D,1
M A F K K L E K V G R N I R D G I I K A G P A V A V I G Q A T S I A R P T G K,1
G F F G K R K E Y F K K F G A S F K R R F A N L K K R L,1
T D Q L Q A L G I K V F G P T K A G A E L E A S K S W,0
A C T K W K S F L K T F K S A K K T E L H T A L K A I S S A M D,0
I G M G E R T S H Q A I G Q V A R A L F A K G A A Q R V,0
R F G R F L R K I R R F R P K V T I T I Q,1
G L G S L L G K A F K I G L K T V G K M M G G A P R E Q,0
P A G P A G T G K T E T T K D M G R C L G K Y V V V F N C S D Q,0
V R R F A W W W A F L R R,1
H T T M V S E E I I M Q F L N S,0
G R T L S G Q T G E G F V I S V S H G E P L C I G L N C A L G A A E M R P F I E I I G K C T T A Y V L C Y,0
F F H H I F R A I V H V P K T I H R L V T G,1
A C T P K R K S A T K G D E P A A M D,0
G R V I A R P F I G D K A G N F Q,0
P E D D R T L D D D E L A E Y D L D K Y D E,0
D L T D Q P L P D A D H T W Y T D G S S L L Q E G Q R K A G A,0
Y E E E S E D L D Y E D S E G Q D Y E E A V E S Q Y,0
K W K S F L R T F K S P V R T V F H T A L K P I S S,1
V I F S R C R D E M F M T A G N G T I R V,0
G L P V C G E T C T L G T C Y T Q G C T C S W P I C K R N,1
G F K L K G M A R I S C L P N G Q W S N F P P K C I R E C A M V S S,1
G S P A L I S W I K R K R Q Q A M D,0
K K T W W K T W W T K W,0
R R W R I V V I R V R R A M D,1
E V G A I E R L L Q V F D L P V T P P D Y,0
G A F E T R F V S Q V E S D S G D R R,0
I L R A L G G E P P V Y A H L P T V L N E Q G E K M S K R,0
G G S M G G G L Q F P S N L R G L P A L F L G L I K H V G L R K S A Q,0
I L P W K W P L W P W R R,1
I A P F T V G I L P M N M H K S H,0
G F M K Y I G P L I P H A V K A I S K L I A M D,1
R L V R I L V S K R P V A I K P Y F R L,0
R Q L R R R T R K E V R A V S M S N L R T L V F Y A T P E H P C S,0
I N W N E Q R L I A Y A E N L,0
R G F V R V A M V K G K P L,0
W A R F E V E R A Q W E V E R A,0
G P P M M N A A V I K M L K D L G,0
A I D G G K K T A A F S N I E Y G G R G M S L E K D I E H S N T F Y L K,0
G L F T L I K G A A K L I G K T V A K E A G K T G L E L M A C K I T N Q C,1
C G E S C V F I P C I S T L L G C S C K N K V C Y R N G V I P,1
K K K K K K K K K K K K K K K K K K K K G I G K F L H S A K K F G K A F V G E I M N S,1
Q C R R L C Y K Q R C V T Y C R G R,1
R A A N K F P A I I Y G G K E A P L A I E L D H D K V M N M Q,0
F F H H A F R G I V H V G K T I H R L V T G A M D,1
G V S K I L H S A G K F G K A F L G E I M K S,1
V I E V E G T V V E N L P N A M F R V E L P N,0
E V D G V T S D D E D E Y I E E T D A L G N T,0
T C Y C R R R F C V C V G R,1
G W G S I F K H G R H A A K H I G H A A V N H Y L A M D,1
K R A I D R G V G G A D G A N Y E E I R Y E G Y G I S,0
Q L R L E A E I V T D K R G I W K F A C R A L V D G N V V C S A E I L,0
G R K K R R Q R R R P P Q,1
I E A L A A N A G T G F A V A E P Q I A M F C G K L N M H V N,0
I L P W K W K W W K W R R A M D,1
D A A C A A H C L W R A M D,1
P E V Q Q R N S L D F G K A P S L L W T D N G G S N D R C E,0
F L F S L I P H A I G G L I S A F K,1
M L N I M R Y C I D E L H S E E G M T L E A V L Q I N E T K L D E L I,0
H Y E G I L Q E R L D E L G E M P L,0
V S D V L K A L E A K I V R W N I L D D G I R,0
T V T A S L G E E T A F L C E V Q Q G G I F S I A G I E G T Q M A H C L,0
E N F F K E I E R A G Q R I R D A I I S A A P A V E T L A Q A Q K I I K G G D,1
V G M H D K L F K R A R V M Y E I E R D I S,0
F S E N E R L T N S I I W N S P N V S I N R Q R K S Y P L T T K V,0
V R R F A W W W A F L R R,1
G E C I W D A I F H G A K H F L H R L V N P,1
F F H H I F R G I V H V A K T I H R L V T G,1
K I K I P W G K V K D F L V G G M K A V,1
R G G R L C Y C R R R F C V C L,1
R R W R I V V I R W R R A M D,0
H R H Q G P I F D T R P S P F N P N Q P R P G P I Y,0
G I L G K L W E G F K S I V,1
G I G A V L K V L T T G L P A L I S W I K R K R Q Q,1
G M A T A A G T T L G K L A K F V I G A V A M D,1
K K E G V T P Q E V I D K Y D G I I R K S F A D F G I S F N N Y S,0
I D E Y D Y G Y C I R W,0
G I L G K L W E G F K S I V,1
E I Y A A R E K A E G A E G E T I Q R G D,0
I L P L K L P L L P L R R A M D,1
K S G L I P D G N A M E N L E K Q L I C P I C L E M F,0
L T L F E P D N S S H P I T L,0
I S V M I E V Y G R S K E H D D C A C D G E T C T V,0
V K R A L S A L K P K N K R F I G G I I S F I K K L F G,1
G V L S V T V P A K K V D,0
K K K K K K K K K K K K K K K K K K K K G I G K F L H S A K K F G K A F V G E I M N S,1
Q Q R K R K G I G A V L K V L T T G L P A L I S W I,1
R I L R G V S R R I M R R I L T G R R,1
L N I P I F R I D F I K E Y W D E V F S D,0
R E K L L A Y A E K N G I D I T R K P G K S P Y S M D A N L L H I S Y E,0
G I P C A E S C V W I P C T V T A L V G C S C S D K V C Y N,1
P P S P R S V D Q V K S Q L R T A L A S G G V,0
V C E T G L L P R T H G S A L F T R G E T Q G L V V T T L G T G D,0
G L S A L I S W I K R K R Q Q A M D,1
G I W S S I K N L A S K A W N S D I G Q S L R N K A A G A I N K F V A D K I G V T P S Q A A S,1
F I G L L I S A G K A I H D L I R R R H A M D,1
I V P E E P T L P F P E K V R C I K K Y Q,0
L N T D L K R E R D Q F A R F L S M V V E H K H R,0
T M N L P V A T A L F T P S W H,0
A N V G F V I Q L Q A R L R G F L V R Q K F A,0
N R L A R H F R D I A G R V N Q R L,1
I S R L A G L L R K G G E K I G E K L K K I G Q K I K N F F Q K L V P Q P E,0
L D F L A V A V A D L G S I A E R,0
W L A V R H N L N T L N D I K I W W Q I C Y L P T L,0
G L L S G I L G A G K Q K V C G L S G L C,1
F I G L L I S A G K A I H D L I R R R H,1
F S K Y E R Q K D K R P Y S Q R K N Q Y T G P Q F L Y P P E R I P P Q K V I K W N E E G L P I Y E I P G E G G H A E P A A A,1
R A F D H Y W P R F G V,0
G I G A V L K V L T T G L C A L I S W I K R K R Q Q,1
R R W P W W P W K W P L I,1
P N L S G F V S W K M A L S I S V G V L V,0
G A A R K S I R L H R L Y T W K A T I Y T R,0
G L G K F L H S A K R F G K A F V G E A M N S,1
P T L I S R L A D R F G V Q A I V V G I D S W F E Q E T G,0
G L K K I F K A G L G S L V K G I K A H V A S A M D,1
R W K I A K K I E K V G R N V R D G I I K A G P A V A V V G Q A A T V V K A M D,0
P M I V H V L R R A L A A S I G R V A V A T D T P E I A E A V I A H,0
G I G K F L H A A K K F A K A F V A E I M N S,1
G I G A V L K V L T T G L P A L I K R K R Q Q,1
S L C R T D H L C R S R L,0
T D T N V I G E C F D E W S R C H R Q T R W W T K I L F Q S C E N R C K C K V Q L M G N C I K V P F K C F L W K Q K R F M C E C Y G P I S G T K P W Y C G W E L,1
G W M S E K K V Q G I L D K K L P E G I I R N A A K A I V H K M A K M Q F G C F A N V D V K G D C K R H C K A E D K E G I C H G T K C K C G V P I S Y L,1
L V R G C W T K S Y P P K P C F V R,1
F F H H I F R P I V H V P K T I H R L V T G,1
G F M K Y I G P L I P H K V K A I S D L I,1
L L G M I P L A I S A I S A L S K L A M D,1
E E P Q E G G E E E E E E E E E,0
C V I S A G W N H K I R C K L T G N C,1
M R G Y S E C G D G S P A V Y T C V D D L C R G Y D L T R L S Y G R S,0
K P Y L K R F Q V Y Y K G R M W C,0
I N W K K G K E V L K A L,1
G K M K E Y F K K F G A S F K R R F A N L K K R L A M D,1
R R A F L L A S D E E V A,0
T S V D F K D T D Y K R H Q,0
F P F L L S L I P S A I S A I K R L A M D,1
S A V L R H L R R F L L R K H R K H,1
S T L A S E G S Y G E K G V E S F T Q I S K E A G G L C I A Q S,0
I L P W K W P W W P W R R,1
G E F A I A R K N V S I N E A V,0
I W S A I W S G I K G L L A M D,1
Y S M G V R E Q I I F P E I D Y,0
A C T K W K S F L K T F K S A K K T V L H T A L K A I S S A M D,0
F F H H I F R G I V H V P K T I H R L V T G,1
F S I S P G K V L D K F G K I V G K V L K Q L K K V S A V A K V,1
V N R D Y R V C D S Y P T E L Y V P K,0
A C T K W K S F L K T F K S L K K T V L H T L L K A I S S A M D,0
C G E S C V W I P C I S S A V G C S C K N K V C Y K N G T P,1
S M V L E E Q A E S D G S D S H V L L G K A M K R N S N T S,0
A E S W E I I K L I Q D F P R I I K R T S D N F E P S,0
L F G F L I P L L P H I I G A I P Q V I G A I R,1
A K R H H G Y K R K F H A K R H H G Y K R K F H A K R H H G Y K R K F H A M D,1
F S E A I K K I I D F L G A M D,0
Y L Y V D C S N I P S I S L D P G F R S M S D Q N Q V Q M L I N T Y K R,0
G F M K Y I K P L I P H A V K A I S K L I,1
A A G L A M L F L G I L S A A G S T M G A R A,1
Y A E P E A F H A V Q T A F K A A G V E E F A V A E L T M L P,0
A W A S F F K K A A H V A K H V A K A A L T H Y L,1
K R R G D I F R F T I A D I P G I I E G A S M G I G L G L,0
F H P S L W V L I P Q Y I Q L I R K I L K S G,1
D P D D V C S Y L A A A M Q F F E G T C P E D W T S,0
S K K L F K K I L K Y L A G P A G I G K F L H S A K,0
E K Q F R N T F K I A R K K S G N T A E N L,0
R G G G L C Y C R R R F C V C V G R,1
M A W N S Q M M L T L W I V T I V L I F S S S R C E R I L D L R K T K K S C K N G E V L G C V S G H G P P G C S E N E C G M G P R P K A C F F D C H Y G C W C T G K L Y R R K R D R K C V P K H E C L L,1
R L Y R K V Y G R L Y R K V Y G R L Y R K V Y G R L Y R K V Y G R L Y R K V Y G R L Y R K V Y G R L Y R K V Y G R L Y R K V Y G K K K K K K K,1
G I G K F I H A V K K W G K T F I G E I A K S,1
D A T V V Y G V N Q H L L,0
G V A K F G K A A A H F G K G W I K E M L N S,1
K W K V F K K I E K N G R N I R N G I V K A G P A I A V L G E A K A L,1
Y N G I R D M K K L P D V I W I V D T V R E K I,0
A K R H H G Y K R K F H,0
R L C Y T R G R F T V C V,1
G L F D I I K K I A E S F A M D,0
A N D K D T L V M E L S S,0
G K L I K K F G R K A I S Y A V K K A R G K H,1
W L L E Y A P S R L T G T G A C V F A E F D T E,0
R A T L H I D E I I D M V T R L L D R G H A Y V A A D G D V L F,0
N N E Q I R R F S Q V L L D A G I V T T I R K T R G D D I D A,0
I L P W K W K W W P W R R,1
G F F A L I P K I I S S P L F K T L L S A V G S A L S S S G E Q E,1
A V A V V G Q A A T V V K A M D,1
M K K V M H G D R I V A V I H T E K E R,0
G L P R K I L C A I A K K K G K C K G P L K L V C K C,1
I C Y C R R R F C V C V G R,1
C G E S C V W I P C I S S A V G C S C K N K V C Y K N G T P,1
G F F G K M K E Y F K K F G A S F K R R F A N L K K R L A M D,1
D G K V R E V S H V L E L L K D A P E P D T M D S D S D M,0
E K M T I E Q M A L A I R Y G S G I,0
A R A V A G S D L S R R I E L D G P,0
G L P K C G E T C V G G T C N T P G C T C S W P V C T R N,1
Y G R K K R R Q R R R S I S L L,0
D D V E L M L E A N R I G G R H G L G M S D Q I E N R I I E A K S R G,0
F F G W L I R G A I H A G K A I H G L I H R R R H A M D,1
K A E V N C I G G K C P E G K K N C N C M P P I A H V,0
P L P D Q S S C W Y E V V T H G G S Q P T G,0
H S S G T V I L D Q L G E E H M K T G K P I F Y T S A D S V F Q I A,0
P K D L K E T L Q E K K P,1
N N H E H K Q P L P S L A I A A I G V V F G D,0
S W K S F L K T F S S A K S T V L H T A L K A I S S,1
E G A K A V A S G M N P M D L K R G I D L A V D A V V K E L K N N A R K,0
S S L L E K G L D G A K K A V G G L G K L G K D A V E D L,1
L P E G T S A Q K A E L V A L T Q A L R L A E G K,0
I K I P S F F R N I L K K V G K E A V S L I A G A L K Q S,1
A C T K W K S F L K T F K S L K K T V L H T L L K A I S S A M D,0
K V K W Q Q V R Q E L A E E Y E Q V K S I V,0
R W R R I V V I R V R R A M D,0
K K K K K K A A F L A W A L F A A,1
F C Y C R R R F C V C V G R,1
G H K S A E V R A P K P D C K V E K K K M E L Q E K S R W,0
I R G V K V G P S P D W L Q Q R L L A A G T R P I N,0
A C T G F G C N G P W D E D D M Q C H N H C K S I K G Y K G G Y C A K G G F V C K C Y A M D,0
K Y D H L K D K A V V T Y C T G G V R C E V L S S L,0
F Q P P K L K D K L K W S N S F H H F V K M A L T K,0
R Y G E V P L P P Y I K C H D P S D S E R Y Q T R,0
R R F P F F P F K F P L I A M D,1
R G G R L C Y C R R R F C V C Y,1
S G D S A D V A R D V K Q P T A T P R,0
G F K R I V Q R I K D F L R N L V A M D,1
G I G K F A H S A K K F G K A F V G E I M N S,1
S D A G N T E K Q W S L A D F E I G R P L G K G K F G R V Y L A R E A,0
K W K S F L K T F K S A A K T V L H T A L K A I S S,1
R F R R L R K K K R K R L K K I A M D,1
S G I Q F R R L N A S K G A A V R A T R,0
F F H H I F R A I V H V P K T I H R L V T G,1
K W K S F L K T F K S A V K T V L H T A L K A I S S,1
L H N F N S K I Q A V V Q H S G V K,0
M I R I A M K A L N C F K V S G L K C W S F N S P R G Q E S P C P G,1
G L F P K F N K K K V K T G I F D I I K T V G K E A G M D V L R T G I D V I G C K I K G E C,1
E D Y D L A G F C V G V V E K S E I I D G S K V A T G D A L I A,0
G F M K Y I G P L I P H A V K A I S K L I,1
L N K L L G S V V I S Q G G V L P H I M A E L,0
S T I G D L V K W I I D T V N K F T K K,1
W R R R Y R R W R R R R R W R R R P R R A M D,1
L C Y C R R R F C F C V,1
G L P V C G E T C V G G T C N T P G C K C S W P V C T R N,1
D G S Q D S P I F M Y A P E F K F M,0
W L N A L K K V F Q G I H E A I K L I W N H V Q A M D,1
G L N A L K K V F Q G F H E A I K L I N N H V Q,1
F F G H I W H G A R T L F R D V F A A M D,0
N N L L R A I E A Q Q H L L Q L T V W G I K Q L Q A R I L A V E R Y L K D Q,1
T C Y C R R R F C V C V G R,1
R G G R L C Y C R R R F C V C T,1
G K L T K D K L K R G A K K A L N V A S K V A P I V A A G A S I A R A M D,0
T G A G M M D C K K A L N E T S G D L T K A T E W L R Q K G I A S,0
K S F E P L P T F T P E L F M R V Q A K N V M K Q K S F Q K G I D Q,0
S M L S V L K N L E K V E L E F V A C K I N K Q C,0
M K L G L L V V L A V A V L V P S L S E Q D F P S C Q L K E P N Q T P V E A G N M R N K R E A D E S S E E F D L A E M,1
K W K S F L R T F K S P V R T V F H T A L K P I S S,1
E D K Q C R E V T Y K S K Y E K G G,0
G I I N T L Q K Y Y C R V R G G R C A V L S C L P K E E Q I G K C S T R G R K C C R R K K,1
R G G R L C Y C R R R F C V C V,1
M A Y S Q A L Q A F A C G I N P S A E M N P I L L K P Q G N S,0
F L R F I G S V I H G I G H L V H H I G V A L,1
A C T A L K S L L K T L S A A A K K A L A T L L K A L S K A M D,1
N W T L K V D E S A K T L K E,0
P V D L V T A S G S G,0
L P R R N R W S K I W K K V V T V F S,1
F A L L G D F F R K S K E K I G K E F K R I V Q R I K D F F R N L V P R T E S,1
Y H C G V C L Q R A P A S K T L T L H T,0
A V A V V G Q A T Q I A K K W K L F K K I E K V G Q,1
S Y R S L P P A A P P T T S N R H R R Q I D R G V T H L N I S G L K,0
E A V V C G T A T V A G S R C V I A V M D F R F L G G S L,0
L C Y C R R R F C F C V,1
L N P I N Y S V L A G L I P K N Y P G R V H E I V A I L I Q E,0
G K S G H G I H C L G V R V G K Y V L,0
A C T R K A W F W A M D,0
K N W K G I A G M A K K L L G K N W E L M E K,1
R K R T E F A G A K F K E S K V F E A N E E A L,0
K Q L I R F L K R L D R N L W G L A,1
L S L R R S M Q S A M I K D D L I F W L V R E L E D P D H L,0
G I G K F L H S A G K F G K A F L G E V M K S,0
D T I L V S V M H V N N E I G T V N D I A A I G E L T R S R G V L Y H,0
F L G A L W N V A K S Y F A M D,1
I L G P V I S T I G G V L G G L L K N L,1
R G G R L C Y C R R R F C V C Y,1
P V C T R N G L P V C G E T C V G G T C N T P G C T C S W,1
G I M S S L M K K L K K H I A K A M D,1
L C Y C R R R F C V C V G R,1
R G G R L C Y C R R R F C V C A,1
A T C P N A T L T T F G P D V G L P S G Q M G N S E V,0
K R G F G C N G P W N E D D L R C H N H C K S I K G Y K G G Y C A K G G F V C K C Y,1
R I S L I Q D M R H I Q N,0
L L G M I P L A I S A I S S L S K L,1
F N L R D F A N I F Q G,0
R G G R L C Y C R R R F C V C V,1
V I L L V V V T C G A F M,0
V C G E T C F G G T C N T P G C S C T W P I C T R D G L P,1
I W R I F R R I F R I F,1
I L P W K W K W W P W R R,1
G F M K Y I K P L I P H A V K A I S K L I A M D,1
C G E S C V W I P C I S A A V G C S C K S K V C Y K N G T L P,1
F I Q Y L A P L I P H A V K A I S D L I,1
F F P G I I K V A S A I L P T A I C A I T K R C,1
L V E P L Q L C H E S L H A C G M G V I A D,0
V N W G E I D F L I I D T P P G T S D E H,0
G L K A L K K V F K G I H K A I K L I N K H V K,1
F L R S L L R G A K A I Y R G A R A G W R G A M D,1
L E T Y T P D S I S A L H N I R N Y L V E,0
A T V T K R K P T C P R E N Q T E I N K P K A K R C L N S A V,0
G V W D W L K K T A K N V W N S D I V K Q L K G K A I N A A K N Y V A E K I G A T P S A M D,1
G L N A L K K F F Q G I H E A I K L I N N H V Q,1
G I G K F L H S A K K F G K A F V G E I M N S,1
L F A S Q R L I S G K V D D A D L N S Y H S,0
K S T V G Q K L K K K L N Q A V D K V K E V L N K S E Y M C P V V S S F C K Q H C A R L G K S G Q C D L L E C I C,1
R V R R F P W W W P F L R R R A M D,1
A C T K W K S F L K T F K S L K K T V L H T L L K A I S S A M D,0
M P K W K V F K K I E K V G R N I R N G I V K A G P A I A V L G E A K A L G A M D,1
K R R K L A F R L F R L F L K L V L K K A M D,1
W C Y C R R R F C V C V G R,1
R R W P L L P W K W P L I,1
T K P K G T K P K G T K P K G T K P K G A M D,1
Q G L E D S K R S K S L L P D H T S D,0
R L G N F F R K A K K K I G R G L K K I G Q K I K D F L G N L V P R T E S,1
A D T A A S A I A V A L E A Q K F V V,0
P R Y D G H C R N Q S L P D S G I P Y V I R F R N P D A G I V S,0
S W K S F L K T F S S A K S T V L H T A L K A I S S,1
G L F G K S S V W G R K Y Y V D L A G C A K A,1
G I G K F I H A A K K F G K L F I G E I M N S,1
L L R R L L R R L L R R A M D,1
C G E S C V Y I P C L T S A V G C S C K S K V C Y R N G I P,1
L L I I L R R R W R K Q A R A R S K A M D,1
Q Q L K E E R Q V D P L N E D V L L A M E D M G L D K E Q,0
N N L L R A I E A Q Q H L L Q L T V W G I K Q L Q A R I L A V E R Y L K D Q,1
Q Q N L A V S E S P V T P S A L A E L L D L L D S R T I,0
I I E G I G P R Y C P S I E D K V M R F A,0
Y C Y C R R R F C V C V G R,1
G F M K Y I G P L I P H A V K A I S K L I,1
S I F V V P V K S S D M L L N E C L K I A K T,0
A D E R R E F A V S M L R D,0
G L P A L I S W S K R K R Q Q A M D,0
E E I K E V L A G D I A A A I G L K D T T T G D T L C A E N S F I,0
V F Q F L G K I I H H V G N F V H G F S H V F,1
D D Y F T I L R G R Q L A A S A N D L E A R V Y L P,0
I L G P V L G L V S N T L D D V L G I L A M D,0
G I A K F G K A A A H F G K K W V G E L M N S,1
Y D V K Q Q R L L L A Q E E Y N H L N K,0
H G G N H A S I Q A A I D A V R G G E S V N S A D A E G Q R,0
G F F A L I P K I I S S P L F K T L L S A V G S A L,1
L C Y T R R R F T V C V,1
N I T A R F N R Y R R M L,0
I L P L K W P W W P W R R,1
S R R Y P G V Y T D V H Y V K P F I,0
C I G A V L K V L T T G L P A L I S W I K R K R Q Q,1
D K Y R V L A G N D G T V S Y L S L L D Q L,0
F V P W F S K F L P R I L,1
G V W G I A K I A G K V L G N I L P H V F S S N Q S,0
F F H H V F R G I V H V G K T I H R L V T G A M D,1
A E S Y P G L T V D Q L S L E Q L Q N F,0
F F H H I F R G I V H V G K T K H R L V T G A M D,1
I L G K I W E G I E S L F A M D,0
S D C I T N E I L V R F T E A L E F N T V,0
V T E V A W Q A H F V K N M F I R P T E E Q L K N,0
I L P F K F P F F P F R R,1
A K E G V F L P P S Q F E G T F L S T A H T K D D I E K T I Q A,0
A K D Y A I E G G S V L H L V L A L R G G L L M,0
H D V L Y E P P V G I T I A V P K P T,0
K L L K F V T K V G K A I F K A L I K A I,1
G I F P K I I G K G I V N G I K S L A K G V G M K V F K A G L N N I G N T G C N N R D E C,1
R I I K C G Y R D G D N A P M A I V,0
G I W D T I K S M G K V F A G A I L Q N L A M D,1
G T S T M S G H Y V C H I K K E G R W V I Y N D H K V C A S E,0
I G D L V K W I I D T V N K F T K K,1
G I G A V L K V L S T G L P A L I S W I K R K R Q Q,1
W K W K P G K W K W A M D,0
R K A E Q A A A E Q A L K Q L E L E M T T M L,0
M Q I F V K T L T G K T I T L E V E P S D T I E N V K A K I Q D K E G I P P D Q Q R L I F A G K Q L E D G R T L S D Y N I Q K E S T L H L V L R L R G G,1
K R R K K D D I S L E E L F Q S L P R E K D Y F M M D A,0
R R R R R R A A F A A W A A F A A,1
I S M R I V E Q Q T E,0
K W K V L K K K I K M L R N R I N G L V K A G P A L K V K L Q A L A L,1
C G E S C V W I P C I S S A I G C S C K S K V C Y R N G I P,1
G I F S K L A G K K I K N L L I S G L K N I G K E V G M D V V R T G I D I A G C K I K G E C,1
H Y R I K P T F R R L K W K Y K G K F W,1
A C T K W K S F L K T F K S L K K T V L H T L L K A I S S A M D,0
R F R R L R K K F R K R L K K I A M D,1
R G G R L C Y C R R R F C V C L,1
G F R E K H F Q R F V K Y A V P E S T L R T V L Q T V V H K V G K T Q F G C P A Y Q G Y C D D H C Q D I E K K E G F C H G F K C K C G I P M G F,1
G L L S G V L G V G K K V L C G L S G L C,1
S D P H P R S G S S R K N D S I A K S Y E F H L Y T M V A D T H Q R G T,0
F F G W L I R G A I H A G K A I H G L I H R R R H,1
D N T D S V V K I Q S W F R M A T A R K S Y L,0
T L L D W V K H L Q K N L N A G V L D S F S V T M,0
I L P W K W P W L P K R R,1
L D S L G M R P K A V N I R T M P,0
G V F D I I K G A G K Q L I A H A M G K I A E K V G L N K D G N,0
E E R R G I H Q D A P E F A D Q S T E A E V L V,0
A A K K G S E Q E S V K E F L A K A K E D F L K K,0
A F H P L A G V D R V Q L R D A A M L A S L A D P T P E,0
K T Y D K R E S I A K K D Q E R N L,0
T Y A G S K A F L S G W S Q A L G E E V K R S N V D V S,0
K I R F T R T V S R L L K A A L A S T,0
Q A I V G G N F D E T Q V S S A A M K A W L A F W A S,0
Y Q V L Q A G G F T S G G T N F D S K,0
T S R C I F Y R R K K C S,1
Q D E K E R N I R A G L N Y G H T F G M L I E N E T N Y E R F L H G E,0
A C T A L A S L L K T L S K A A K K A L K T L L K A L S A A M D,1
G I I K K I I K K I I K K I I K K I,1
F F G W L I R G A I H A G K A I H G L I H R R R H,1
K L L K L L L K L W L K L L K L L L,1
A C T R G G R L C Y C R R R F C V C V G R A M D,1
F F K K F W G G V K A I F K G A R K G W K,1
G L K E I F K A G L G S L V K G I A A H V A S,1
K W K S F I K K L T S A A K K V V T T A K P L I S S,1
E S E E E R M K F F R E Y G L K Y E L E K L R V D L E N,0
H A E H K V K I K V K Q K Y G Q F P Q G T E V T Y T C S G N Y F L M,1
W K L L S K A Q E K F G K N K S R,1
V I S L Q K L I V R E V A N E E K A M F L,0
I L P W K W P W W P L R R,1
I F R I D E E A I K A H L P V P P Q G,0
L P E P F D P H R P Y V D Q V E L A C A C G G T M R R V P Y V,0
K M E D I V A S I K A G Y E C G K K H N I I V L A E,0
F F H H I F R P I V H V A K T I H R L V T G,1
E L A T Q I F E E A R K F T Y R S W V R P C V V Y G G A P I G N Q M,0
G L L S G I L G A G K N I V C G L S G L C,1
W Q T Y V D E H L M C D I D G Q G Q Q L A A S A I V G H D G S V,0
S D M L A N P R R P I A Q W H S L K P E E E V D A L L G K N K M G,0
Y L N R G H M L R A H T S A H Q W D L L H A G L N A,0
S K V W R H W R R F W H R A H R K K,1
K W K V F K K I E K M G R N I R N G I V K A G P K W K V F K K I E K A M D,1
G L F S K F A G K G I K N L I F K G V K H I G K E V G M D V I R T G I D V A G C K I K G E C,1
F F H H I F R G I K H V G K T I H R L V T G,1
R A P S M I D E F P I L S,0
Y E E K N V P K I D R P F E F F M N R F R L L E A V P K Q E F E D Y T,0
K N W K G I A G M A K K L L G E N W E L M,1
E K I F Q N P T D E E S T,0
Y I P D G G P D G G D G G D G G S V Y L,0
R I V V V D L H N P S I Q G F F N I P V D,0
P A I C Q R A T A T L G T V G S N T S G T T E I E A A I L L,1
Q S R V I Q G L V A G E T A Q Q I C E D,1
I E R A H R I S L L I E R A L,0
G D Q K K D A N L I G Q F G V G F Y S A F I V A D Q V D V Y S,0
R L R R I V V I R V R R A M D,0
F P T Q L A R H I K F G Q K S H V E C,0
Q I D R L S K R R K T E E D L R E E I E S L Q E N I L,0
G S L P L C M L L E R T G A S E,0
I L G P V L G L V G N A L G G L I K K L A M D,1
Q A L S S G A T V E Q A R Q E L V A K I G E N I K L R,0
N R E D A A Q A A E E R S E T R T P P E A,0
L K Q E A D A K L K K E N D D K L K Q E A D A K L K K E K H D K L K Q E,0
R R F P F F P F K F P L I A M D,1
F S P Q M L Q D I I E A A T A I L,1
T T S I R R R Y Q V S L I R R H R G K R,0
L R R L W L R A N R L L R R L W L R A N R L A M D,1
F F R L L F H G V H H V G K I K P R A A M D,1
G L P V C G D T C V G G T C N T P G C T C S W P V C T R N,1
I E V V L Q V L S I S A I T T T,0
G I G K F L H A A K K F A K A F V A E I M N S,1
R F G R F L R K I R R F R P K V T I T I Q G S A R F G,1
Y T Y R G L S E S P V E N K S I G D T L R K P P Q K E,0
G K K L F K K I L K Y L A G P A T T G L P A L I S W,0
L I R G L F K S F W Q V F A M D,1
G K P R P Y S P R P T S H P R P I R V,1
C G E S C V F I P C I S T L L G C S C K N K V C Y R N G V I P,1
F F H H I F R P I V H V G K T I H R L V T G,1
S A V W R R W R R F W L R K R R K R,1
F T I Q Q G F P Y H K M K L L V A A V G R W R G G P E R A L F,0
P V T L F T K G G G Q W L E A M A E T G C D A L G L D W T T D I,0
K W K S F L K T F K S P A R T V L Y T A L K P I S S,1
D S H A K R H H G Y K I K F H E K H H S L R G Y,1
V R R F K W W W K F L R R,1
G L K E I F K A G L G S L V K G I A A H V A N A M D,1
L Q R R Q S F A V L R G A V L G L Q D G G D S N V A S E A D S E P,0
G L W S K I K T A G K S V A K A A A K A A V K A V T N A V,1
G N C N D S K L E F G S F W E L I G E A A K S V K M,0
M H A N N R Q E V S E I V A G D I A A C V G L K D V T T G,0
S N P L E L D K R S A E L D T A T W Q,0
L E T E V R L M G E F P P D E L A G L D G H,0
R G G R L C Y C R P R F C V C V G R,1
N R D A K K L Q D Y G D I T Y H S K K H R,0
M D F I I D I I K K I V G L F T G K,1
D A H R L A I Q G L R L L P Q A A P P A D Q P N L S V R A F G L N F S,0
L W Q K S G H W D N Y Q D A M F F T E S E K R T Y A,0
V I T V L T A D F A Q P N G Y G R I V K D G D G F I K R I V E E,0
R G G R L C Y C R R R F C V C I,1
K G I E V V L M Y D R I D E Y V,0
D M V T V A Y A V S Q I T K F T G R E K P S V V T M E,0
C K V A S L E G N K V T L V G E E M A G F G L P N F G Q L T E A F,0
G R D Y R T S L T I V Q K L K K M V D,1
M Q F I T D L I K K A V D F F K G L F G N K,1
G I F S K I N K K K A K T G L F N I I K T V G K E A G M D V I R A G I D T I S C K I K G E C,1
G A G A L A K F L A K K V A K T V A K Q A A K Q G A K Y V V N K Q M E A M D,1
H L I D N K K T D N T A D E I Q T T P E L S E W E L A Q D E F N A W F K,0
G L P V C G E T C V G G T C N T P G C T C S K P V C T R N,1
G L N A L K K V F Q G I H E A I K L I N N H V K,1
I L P W K W P W L P Y R R,1
G S K R W R K F E K K V K K A L E D A K E K L Q E E R V Q K I V E H T K E A L P V I K A V A T V V G V V G R R,1
A V F L M V K H P H V Q G R,0
A R I V Q R I K D F L R A M D,0
M Q F I T D L I K K A V D F F K G L F G N K,1
F F H H I F R A I V H V P K T I H R L V T G,1
R G R G K Q G G K V R A K A K T R S S,0
M A S R A A R L A A R L A R L A L R A L,1
T Q L L W A A Q N R G E K I L C E G A Q,0
A R R L L M S K V T F K V T L T S D P R L P Y K V L S V P E S T P F,0
R A F D H Y W P R F G V,0
R V W Y K G D Q K Q V Q H A C P T P L I A L I N R D N,0
R A K I F K K I E K V G R N V R D G I I K A A M D,0
Y D S A T P I S T E T G T E I M T A T V L L E V P F S A R G D R,0
S N K M T D R E R D K V M P L I I Q G F K D A A E E A G T S V T G G Q T,0
G R R P R P R P R P W W W W W,1
K W K L W K K I E K W G Q G I G A V L K W L T T W L A M D,1
K K K L F W K I P K F L H L A K K F,1
E Y N P G D G A F Y G P K L D F V V K D A,0
G L L S G I L G A G K H I I C G L S G L C,1
G F F A L I A Q I I S S P L F Q T L,1
I G Q G A S G G V Y T A Y Q H G T,0
T P I A Q I L A I R E L N I G H S L I,0
A I S D I P F N G P I A G V Q V G Y V N G E L I I N P D Q A Q Q E A S L,0
E I D S F V D G I D L S E T L T R A K F E E L N L D L F,0
F L R A M P Q V V N G T K H G,0
G I L K T I K S I A S K V A N T V Q K L K R K A K N A V,1
S H L K R P V F A A I F I F W R A S Y N I G I G I L,0
G L P V C G E T C V G G T C N T P G C N C S W P V C T R K,1
R R S K A R G G S R G S K M G R K D S K G G S R G R P G S G S R P G G G S S I A G A S R G D R G G T R N A,0
A C T K W K S F L K T F K S A V K T V L H T A L K A I S S A M D,1
A E N S N T A K H A A E F W,0
I N Q K K I A S I G K E V,1
D M I T D L D F E T L Y Q Y M L S D K K N D K Q,0
S A I S C G E T C F K F K C Y T P R C S C S Y P V C K,1
A L R E S L V P L N K K Y P I A E L M E S C A,0
G S T S F H L I Y N K W F A V K R R R K R,0
C A E S C V W I P C T V T A L L G C S C S N N V C Y N G I P,1
T L G I I F F A I F F R E P P R I S,0
V E P P E N P L F V L S D H H D F T D E E,0
F V Q W F S K F L G K I L,1
L V E D P Y T E K E S R M H V I R M R E L V G A A G,0
M D F I I D I I K K I V G L F T G K,1
R R I H I H I P G I H I H I R R A M D,0
R H W M A N K Q Y V F T K E E V A K L A K Q Y,0
G M S A Q K P G L H P R N R H Q H R Y D L,0
M I T I S T M L Q F G L F L I A L I G L V I K L I E L S N K K,1
G L P A L I S W I K R K R G G A M D,1
G A D E K F L E R V E E E E L T V D G L P E,0
N R F T A R F R R T P W R L C L Q F R Q,1
Q K K P W E S M A K G L V L G A L F T S F L L L V Y S Y A V P P L,0
A K K V F K R L G I G A V L W V L T W G,1
F F H H I F R P I V H V A K T I H R L V T G,1
W K R I V R R I K R W L R A M D,1
G F F G K M K E Y F K K F G A S F K R R F A N L K K R L,1
S A V W R W R R F W L R K R K,1
A W A S F F K K A A H V A K H V A K A A L T H Y L,1
P R A L L F I S Y A A N Q A V L A A,0
C A E S C V Y I P C T V T A L L G C S C S N R V C Y N G I P,1
A V A V V G Q A T Q I A K K K L F K K I L K Y L K D E L,0
F G G C I V A L V P P A L V D D V K A T V A A K Y Q A A T G L,0
S G G L S G A P V F E K S T E C L R L F A Q,0
L D P I V A K R V R H I L T E N A R T V E A,0
A R A V A G S D L S R R I E L D G P,0
I L Q Q D F C H A I K V G V K Y T Q Q I I Q G,0
Q G W E A V A A A V A S K I V G L W R N E K T E L L G H E C K F T V K P Y L K R F Q V Y Y K G R M W C P G W T A I R G E A S T R S Q S G V A G K T A K D F V R K A F Q K G L L S Q Q E A N Q W L S S,1
F R W C F R V C Y K G R C R Y K C R,1
A K K V F K R L G I G A V L W V L T T G,1
T R S S S V H S A S L P A L T K T D,0
I C Y C R R R F C V C V G R,1
R G G R L C Y C R R R F C V C V G R,1
D R W I L H N L N E T I A K V T E N F D K F E F G V A G H I L Y N F,0
E D S E L S I V M R G L R D M N L S K L V D E D E P L,0
R G G G L C Y C R R R F C V C V G R,1
K R R K L I K I L K L I I K L I R K K R A M D,1
A C T K W K S F L K T F K S L K K T V L H T L L K A I S S A M D,0
E S L E L A I A A M T G M I R D V T I R A D R M K A A A G S G Y S T A T,0
I L C A E F P D E P K W M G G A E L S D D G R Y V L L,0
Y N R R A E R L R E L A E N N P L G D Y L R F A A L I A H,0
C G E S C V Y I P C I S G V I G C S C T D K V C Y L N G T P,1
M A Q D I I S T I G D L V K W I I D T V N K F P K K,1
T L D I E L R E I D E K L D M I L M S I P N I P H E S T P V,0
F T A P T R R Q V L S L Y K E F I K N A N Q F N N Y N F R,0
N P H G P G S T L P E S P V F L E P I N S T A P R,0
L T I P N L P A D E V P V G K D E N D N V,0
G R F R R L R K K T R K R L K K I G K V L K W I A M D,1
F I H H I F R G I V H A G R S I G R F L T G,1
S F I S G A D V C F V K W Y P S E Q Y,0
G I M S S L M K K L K A H I A K A M D,1
S D T F R E Q L P M A V D M L Q H,0
V R H I H F V G I G G A G M G G,0
G F L G I L F H G V H H G R K K A L H M N S E R R S,1
I L P W K W P W W P L R R,1
L F E H L L F S K N L D L S R K R D S Q T T N G L T N K,0
K K A A A F A A A A A F A A W A A F A A A K K K K,1
C G E S C V W I P C T I T A L A G C K C K S K V C Y N S I P,1
C G E S C V W I P C L T S A I G C S C K S K V C Y R N G I P,1
R S V A K T F V A E R K K L G F P L L D D A S R V A L L A E D M,0
G P Q H T V V L K D Q D G N,0
R L Y R R L Y R R L Y R R L Y R R L Y R R L Y R R L Y R R L Y R,1
L R W E E L T K L D R D A R K R E S R H L R,0
G F F A L I P K I I S S P L F K T L L S A V G S A L S S S G E Q E,1
Y H L S K E D A E V I N A T K K R G N K V I,0
G K L E V L H S T K K F A K G F I T G L T G Q,1
T C G E T C F G G T C N T P G C T C D P W P I C T D R G L P,1
K P E F V K P E D V S A D V V E K E Y Q V Q L D,0
V I P F V A S V A A E M M H H V Y C A A S K R C,1
I A D Y D A D L W Q A M,0
F I H H I I G G L F S A G K A I H R L I R R R R R A M D,1
D V Q L E I L K T I P G L E K A V L L Q P G Y A I E Y D F I D P R,0
M A Q D I I S T I G D L V K W I I D T V N K F T K K,1
G L A D Y W R T A F R A N F A N L G P G I R C K S A R C,1
F F H H I F R A I V H V A K T I H R L V T G,1
F F H H I F R G I V H V G K T A H R L V T G A M D,1
W L N A L L H H G L N C A K G V L A W L N A L L H H G L N C A K G V L A,1
Y V N E Q L A F T G D T L F S G G C G R L F E G S A E,0
L L G M I P L A I S A I S A L S K L,1
M V A L L K S L E R R R L M I T I S T M L Q F G L F L I A L I G L V I K L I E L S N K K,1
R I V V V D L H N P S I Q G F F N I P V D,0
K K K K K K A A A F A A A A A F A A W A A F A A A,1
N E S L K L R N E I E R I R S D A E E D I Q K W K K D V H M A Q N E L K,0
V C Y C R R R F C V C V G R,1
R Q I K I W F Q N R R L K W K K A M D,1
I L P L K L P W W P W R R,1
V C G E T C E G G T C N T P G C S C S W P V C T R N G L P,1
D F K D W M K T A G E W L K K K G P G I L K A A M A A A T,1
T C G E T C F G G T C N T P G C T C D P W P I C T D R G L P,1
G L K D K F K S M G E K L K Q Y I Q T W K A K F,1
S E E A L K A L H E S I I K A G Y K P G E D I A I A C D C A,0
G D K I R A L H M I L E M,0
K A V N K A G P G K P S D P T G N V,0
A K Y P I K P I K L D V E N K Q V V G D L Y N G L Y R K R Q L,0
M Q F I T D L I K K A V D F F K G L F G N K,1
F L G G L I K W P W W P W R R A M D,1
G L P K C G E T C V G G T C N T P G C T C S W P V C T R N,1
S L I R W M K A A I T A T A N Y L P P D I L S N H,0
N D A E I A A R L E R A A H Y P P F N C H T V N N D,0
K K L F K K I L K Y L A G P A K K L F K K I L K Y L A G P A K D W E H L K D W E H L K D W E H L K D E L,1
L R R L W L R A N R L,1
K A L A K E H G I E I K D T M K Y G H I L N E F F E Q K V E,0
E E R R G I H Q D A P E F A D Q S T E A E V L V,0
A K K V F K R L G I G A V L W V L T T G,1
D Y M K K L V T R L E E N N P S E V E V F K T N I N K,0
I D W S K I F E K V K N L V,1
I I S T I G K L V K W I I D T V,1
G A V V V P G S L P A K D G S H S L Y C A V I I K Q V,0
F G V L A K V A A H V V P A I A E H F,1
I V C P L I Q N D G A Y L L C K M A D D R G V F P G Q W,0
C D Q V Q S E L D Q A N S G T K F L L E R A D V L R S Q R,0
G E K L K K I G Q K I K N F F Q K L,1
G L G S L L G K A F K F G L K T V G K M M G G A P R E E,1
V T R A K Q I V W N G P V,0
L A N L K V S Q I K K V R L L I D E,0
S Q L G D L G S G A G Q G G G G G G S I R A A G G A F G K L E A A R E E E F F Y K K Q K E Q L E R L K N D Q I H Q A E F H H Q Q I K E H E E A I Q R H K D F L N N L H K,1
S K V G R H G R R F G H R A H R K L,1
R F P G L M M K L L V A M D,1
G F F G K M K E Y F K K F G A S F K R R F A N L K K R L,1
E W Q N N K Q S K Q Y I,0
F S E A I K K I I D F L G E G L F D I I K K I A E S F,1
A K R H H G Y K R K F H A K R H H G Y K R K F H A M D,1
K I S K K I M R T F L R R I L T G K K,1
V A V T R H G G T M A D S G S V A Y L F E R K G V V E,0
N K I I G L V P T M G N L H D G H I K L I L L A K K N V D I V I V S I,0
S I L N N P N P C D Y V L L E E V L K D A A N K K S S T P K S S Q,0
A S G K R A A M L R D G L H V V I V G A P N A G K,0
K R I R K R I K K W L R A M D,1
I F L A M I H F Y Q R F I S P L T,0
C Y C R K G H C K R G E R V R G T C G I R F L Y C C P R R G L L,1
V D R D D D L K I G V K S T A V L F,0
R R K I I A T K Y P T V A S K F F R E K G E D V E I I,0
I I G P V L G L V G S A L G G L L K K I A M D,1
S A P G L K I H A K L F L I S R L E N D E I V R Y A H I G T G N F N E K T A R I Y T D Y S L L T A D A R I T N E V,0
W C Y C R R R F C V C V G R,1
P A I C Q R A T A T L G T V G S N T S G T T E I A A C I L L,1
S C Q A L I L A P T R E L A Q Q I Q,0
K F I C P C H G S Q Y N N Q G K V V R,0
L G F G T F V L M L L G L V V E L I K,1
A C T A E R V G A G A P V Y L A M D,0
L L G D F F R K S K E K I G K E F K R I V Q R I K D F L R N L V P R T E S,1
F V P W F S K F L G R I L,1
G L F D I I K K I A E S F K F S E A I K K I I D F L G,1
D K S Y L E P Y L K E V I R E R K E R E E W A,0
G L N A F K K V F Q G I H E A I K L I N N H V Q,1
A C T K W K S F A K T F K S A K K T V A H T A L K A I S S A M D,0
M H L R Q Y E L L M I S P G S P P S I V A L G G G H G L Y V T L S A A,0
K F G K S T G G G N L W L D P E,0
D A L R G A M L S K D P T T G E T H,0
N I S K P I R E M L K N H F S I A R P E I V G E Q I S K D G T R K W L,0
P G A A A L V R H V H K A V A G V T D D L E,0
H S G T F S P Q T P V P A T,0
S I S L L Y G R K K R R Q R R R,0
W M G L D I G P D A V K V F Q D A L G D C,0
G F W K K V G S A A W G G V K A A A K G A A V G G L N A L A K H I Q,1
Y D P G R D G S E K K I R E C V I C M M D F V Y G,0
S Y D V C V S K D F L S K G D R V L F,0
R L M A A K A E S R K,1
G V L G T V K N L L I G A G K S A A Q S V L K T L S C K L S N D C,1
K G F F A L I P K I I S S P L F K T L L S A V,1
S K V W R H W R R F W H R A H R L H,1
G L F T L I K G A A K L I G K T V A K E A G K T G L E L M A C K I T N Q C,1
L R L K Y R R F K Y R V,1
F Y T H V F R L K K W M Q K V I D R F G G,0
L F G F L I K L I P S L F G A L S N I G R N R N Q,1
A P K V N V N A L R K G G R V I R K G L G V I G A A G T A H E V Y N H V R N R N Q G,0
A C T R R K K W F W A M D,0
R G G R L C Y C R R R F C V C V G R,1
D V T S L M L G P M V A A C G G Y V P M I S,0
K K L F K K I L K Y L T T G L P A L I S W,1
V C G E T C V G G T C N T P G C T C S W P V C T R D G L P,1
L L F K S P T C T Q Q D V K A A E E L K D I A K V D I Q K Y G L D M L,0
V G V H V I G D G A D E M L Q G F A V A V,0
L L R R L L R R L L R R L L R R A M D,1
K W K L F K K I G I G A V L K V L T T G L P A L K L T K,1
I K I P S F F R N I L K K V G K E A V S L I A G A L K Q S,1
F I G L L I S A G K A I H D L I R R R H,1
K V K V K V K V P P T K V K V K V K A M D,1
N G K A I L Y A D R M T D S I K K A M S E T E R R R L I Q E A,0
G L G S L L G K A F K I G L K T V G K M M G G A P R E Q,1
G F F A L I P K I I S S P L F K T L L S A V G S A L S S S G E Q E,1
S K R E I K N L R E L K I P W L R I L P Y I V D,0
S Q S G V E P Q T E T V W R Q A T E Y G V P R I V F A N K M D K I,0
F V Q W F S R F L G R I L,1
G F F A L I A K I I S S P L F K T L,1
P K R P G L S S L L S G Q F D S L A V R V S N H P G V Q A L C Q A L,0
F R W C F R V C Y K G R C R Y K C R,1
F R G L A K L L K I G L K S F A R V L K K V L P K A A K A G K A L A K S M A D E N A I R Q Q N Q,1
F H P S L W V L I P Q Y I Q L I R K I L K S G,1
K P W R F R R A I R R V R W R K V A P Y I P F V V K T V G K K,0
G L L D F V T G V G K D I F A Q L I K Q I,1
G L G K F L H S A K R F G K A F V G E A M N S A M D,0
C G E S C V W I P C L T S A V G C S C K S K V C Y R N G I P,1
G R T S K Q E L C T W E R G S V R Q A D K T I A G,0
P G R F E V V D G G Q N Y T V I V D Y A,0
V V I P F H H D I W S N F Q A D P Q E I R V L W,0
L R R L W L R A N R L L R R L W L R A N R L,1
C W S C M G H S C W S C M G H S C W S C A G H S C W S C M G H S C W S C M G H S C W S C A G H C C G S C W H G G M,0
L C Y C R R R F C V C V,1
I L P L K L P W W P W R R,1
G L K K I F K A G L G S L V K G I A A H V A S A M D,1
T E F N N G N M V M T A W S L F A A G T E T T S S T L R Q S F,0
A A T L P Q V R G L I M L A A T P C F V R R E D,0
G W K K W F T K G E R L S Q R H F A,1
A C T W R K K W F W A M D,0
L L I I L R R R W R K Q A R A R S K,1
G G T A G G W S N L D A D P T E T W M A T N G S A S S A Q L S,0
G I I N T L Q K Y Y Y R V R G G R Y A V L S Y L P K E E Q I G K Y S T R G R K Y Y R R K K,1
T T F E K G R C I Q A N Y S L K E N G K I K V L N Q E L R A D G T,0
A C T K L K S L L K T L S K A K K K K L K T L L K A L S K A M D,1
G K K L F K K I L K Y L A G P A K K L F K K I L K Y L K D E L,1
S V K K F W G G V K A I F K G A R K G L K,0
I I T N I R A D D I I N T A N K I F S G T T T L A I I G P,0
F A K K F A K K F K K F A K K F A K F A F A F,1
V S A V A K V A M K K G A A L L K K M G V K I S P L K,1
V G M H D K L F K R A R V M Y E I E R D I S,0
P R Q L T H D A G L T V D D I A K R L M D Y G,0
M S D F V N A I S E A V K A G L S A D W V T M G T S I A D A L A K G A D F I L G F F N,1
L E K G L D G A K K A V G G L G K L G K D A V E D L E S V G K G A V H D V K D V L D S V L,1
S L Q S K L D R K A E L D A T N A E L W R A S S T E V S D,0
T I S V V G W V H R R R D H G G,0
T R W L W L L R G G L K A A G W G I R A H L N R N Q,1
A V G I G A L F L G F L G A A G S T M G A R S,1
L K I F N T L S R Q K E E F K P I H A G E V G M,0
V V N L W A L H H N E K E W Q Q P D L F M P E R F L D P,0
G L N A L K K V F Q G I H E A I K L I N N H V Q A M D,1
K I P V V A A I H G A C L G G G L E L A L A C H Q R V,0
D F N D E P N D Y E Y E E E T N D E V D S R L F N I D D Q S D E E L Q S,0
E G K R I L I E G G Q A T M L D I D F G T Y P F V T S S N,0
P T L I V Y T I I V P E I R K E L Q R L V D M W D I P A,0
E E Y V R D V G E G L N P D I P Q N Y Y R Q D D P,0
W K R I V R R I W R W L R A M D,1
I T K V I A K L L N R L T K I L S K,1
F F H H I F R A I V H V A K T I H R L V T G,1
H L L T N F E I A I D P A V L P E L S E D E F Y W R E L F G M Q V V,0
F F H H I F R G I V H V G K K I H R L V T G,1
C G E S C V W I P C L T S A V G C S C K S K V C Y R N G I P,1
L L G D F F R K S K E K I G K E F K R I V Q R I K D F L R N L V P R T E S,1
M S S L Y S G W S S F T T G A S K F A S A A K E G A T K F G S Q A,0
S R N V E I E K R I L K L G T Q L A T L K N R G L P L G I A E E K M W,0
G G L A I A V E G P S K A E I S F E D R K D G S,0
G W L K K I G K K I E R V G Q N T R D A T I Q A I G V A Q Q A A N V A A T L K G,0
F R E R E Q A M I A E L C E,0
G I G K F L H K V K S F G K S W I G E I M N S A M D,1
W Y L T L T L G Y G R R,1
A Q D I I S T I G D L V K W I I D T V N K F T K K,1
G I W D T I K S M G K V F A G L I L Q N L A M D,1
Y K Q L M R I L T T M E N I A D L W N S A L T E L,0
F N K L D A L V F T G G I G E N A A N I R K N I I S K L,0
E L F A A V Q K I V N G R V P L I A G V G T N D T R D S I E F,0
G V F D I I K G A G K Q L I A R A M G K I A E K V G L N K D G N,0
E R Q V Q E L A F P G S A Q D V E R L L K K Q R,0
A K E N V E I Q A E N Q T L A T T T F Q N,0
W K R I V R W I K R W L R A M D,1
A W H C G E C K E I I V A R E,0
K V A K Q E K K K K K T G R A K R R,1
L E I E G A M A L L M K D A I K P N L,0
C G E S C V Y I P C I S G V I G C S C T D K V C Y L N G T P,1
W G R A F S R G V R R L A R G G R G A M D,0
S L W S S I K D M A A A A G R A A L N A V N G I V N P A M D,0
F E P A K R M G F T E F F S N G L V N E D L S P Y E V,0
G I G K F I H A A K K F G K L F I G E I M N S A M D,1
S F P F F P P G I C K R L K R C,1
R L W D I V R R W V G W L A M D,1
I C G E T C V G G T C N T P G C S C S W P V C T R N G L P,1
G L G S L L G K A F K F G L K T V G K M M G G A P R E Q,1
T T H H P D S L V T F D N S G N A P G T H Q S V H D T V N T Q D,0
I N L D A I A L M S C N P A,0
F K L R A K I K V R L R A K I K L,1
G F R K I V Q K I R D F L R N L V A M D,1
W A I T F L I I A I V A A V L G F G G I A G T A T G,0
I A A E R R Y A T I Y Q A R L W A F A M D,1
G I G H F L H K V K S F G K S W I G E I M N S A M D,1
R A Y C R R R F C V A R,1
M K D R R G Q V I Y V G K A I N L R S,0
V L E G L E F M G I Y W D P K K N E T I R G E E G F I N Y,0
S L W S S I K D M A A A A G R A A L N A V N G I L N P A M D,0
G W K S V F R K A K K V G K T V G G L A L D H Y L A M D,1
G L G S L L G K A F K F G L K T V G K M M G G A P R E Q,1
K A R I Q E L F A E A G L D A K Q A K L R S K Q V Y H,0
I L P W K W P F F P W R R,1
K W K S F L K T F K S A K K T V L H T A L K L I S S,1
G F F A L I P K I I S S P L F K T L L S A V G S A L S S S G G Q E,1
G F M K Y I G P L I P H A V K A I K K L I,1
W E S F S S V V P R T D W G L F F K G,0
G L K K I F K A G L G S L V K G I A A H V A S A M D,1
I L G K F W E G I K S L F A M D,1
L S M C G N S G Y E V I K I L E P Y V V N S L V Q,0
W S P Q E E D R I I E G G I,1
A Y G A T L P L N Q L A T I T V P E P R M L V I Q P F D A N T V,0
L R Q C L V T H N G R L L G I I T K K D,0
H V P E L K R M G A K A E I E G N T V I C G D V E R L S A A Q,0
R Q I W K F E C K A T V D G K A V C S A E,0
F R K L F R V Y S N F L R G K L K L,1
R A G L Q F P V G R L L R R L L R R L L R,1
C G E T C V G G T C N T P G C T C S W P V C T R N G L P V,1
A C T K W K S F L K T F K S A K K T V L H T L L K A I S S A M D,1
G L L S G I L G A G K H I I C G L S G L C,1
K R K R Q Q G I G A V L K V L T T G L P A L I S W I,1
V Y D D S K A V F P V,0
E V A E T V L G K L P K P R Y A D Y L P F K D,0
L L G M I P V A I S A I S A L S K L,1
A R H F E E E S K D L A G R L Q Y,0
L A L T L A P C A Q A A E P I E G K T V Y I D A G H G G,0
G F W K K V G S A A W G G V K A A A K G A A V G G L N A L A K H I Q,1
A C T A L K S L L K T L S K A A A A A L K T L L K A L S K A M D,1
G F G A L F K F L A K K V A K T V A K Q A A K Q G A K Y V V N K Q M E A M D,1
K W K S F L K T F K S A K K K V L H K A L K A I S S,1
C K T R T S T N T D H L W I A K S K A R L S E T,1
K V K V K V K V P P T K V K V K V K A M D,1
D C T R W I I G I N G R I C R D,1
F V P W F S K F L G R I L,1
Q L Q G K Q V S G E V V Q K V L Q E L I Q S V A K P,1
A A A L E K K N V D L N E L L Q R,0
V C G E T C V G G T C N T P G C S C S R P V C T R N G L P,1
I S V E D I K N T L G N T D I I K N,0
S S R G S A K D E T Q T S G E E P A P A K S F,0
R Q R L P G P P D A P G A V F V L G G E G L R A E L R A A G L R,0
G L L S G I L G A G K Q K V C G L S G L C,1
S L G N F F R K A R K K I G E E F K R I V Q R I K D F L Q H L I P R T E A,1
I W R I F R R I F R I F I R F A M D,1
G L K K I F K A G L G S L V K G I K A H V A S A M D,1
S R L K A T Q S Q V F,0
I G M G E R T S H Q A I G Q V A R A L F A K G A A Q R V,0
I D S L P E K Y N T R V G D K G T Q L S G G Q K Q R I A,0
V Y V M P L G G R D E K L V I A,0
S K V L R H L R R F L H R A H R K L,1
F H P E K S G D A G S Q L L K N W I A T L M L A K R I I P C L D,0
L Q I R A P V N P T I W P L,0
F V R W F S R F L G R I L,1
G L L A L I S W I K R K R Q Q A M D,1
R V P L A D K P H E K T M,0
I L P Y K Y P Y Y P Y R R,1
G V S E P Y R M F T S R A E Y R,0
A W K V F K R L G I G A V L W V L T W G,1
G F F A L I P K I I S S P L F K T L L S A V,1
F R L H R E P D L P G T L L Q E D I L V,0
F F G W L I K P A I H A G K A I H G L I H R R R H,1
K S K E K I G K E F K R I V Q R I K D F L R N L V P R T E S,1
E G R R F R V V V V D S R P R L E G R H M L H S L V R A G V P T S,0
I L P W K K P K L P W R R A M D,0
M T D K Y K E R R F D T Y G Y E K,0
I L P W K L P W W P W R R,1
F S I S P G K V L D K F G K I V G K V L K Q L K K V S A V A K V,1
G F F A L I A Q I I S S P L F Q T L,1
G C S A T F S V L K K R R N C S N C G N I F,0
G L K E I F K A G L G S L V K G I A A H V A S,1
C T Y D A D T L S K D P A D G R,0
S R L N V P I V C T V I G E G G S G G A L A I G V G D K V N,0
V D P A G G V L E D D Y T V T,0
K K S S F A N V A A A T P A I K K P P S G F K,0
A V D Q P A V E A T A P I E P V Q A T P A Q R F P T L R Y L G Q V,0
K W C F C V C Y R G I C Y C R C R G,1
H V E C N V G W L E P L L E R V Y L S R K K V,0
T A D M L C F V S A C K D F C,0
A Y A E K S V Q A D L K E R F Q G L D I G D I I G V T G,0
F S A L F G M E K S I F R Q L K I Y,0
L R L K Y R R F K Y R V,1
R F G R F L R K I R R F R P K V T I T I Q G S A R F,1
A C T K W K S F L K T F K S L K K T V L H T L L K L I S S A M D,1
Q C R R L C Y K Q R C V T Y C R G R,1
A C T K W K S F L K T F K S A V K T V L H T A L K A I S S A M D,1
A C T K W K S F L K T F K S L K K T V L H T L L K A I S S A M D,0
F K T W K R P P F Q T S C S G I I K E,1
G L N A L K K V F Q K I H E A I K L I N N H V Q A M D,1
K K L F K K I L K Y L A G P A L Y K L I K K F L K K K D E L,1
R V L H G L G W K V L V C D P V R,0
V K P G D T I L G M S L D A G G H L T H G,0
K N W K G I A G M A K K L L G E N W K L M,1
E S E E E R M K F F R E Y G L K Y E L E K L R V D L E N,0
K R R L I L R I L R L A I R A L V K K R A M D,1
T V V R R R G R S P R R R T P S P R R R R S Q S P R R R R S Q S R E S Q C,0
L T E Q V R R K P Y S V I L L D E,0
G L N A L K K V F Q G I H K A I K K I N N H V Q,0
A C I I Q R K E S L V S H K Q E L I D K L L I R I N G V M Q A,0
G I G A V L K V L T T G L K W K L F K K I E K V G Q,1
Y Q I D Q L S K M T Y K N K S L N I H D L T A,0
E A D S A D G S F M D E L L T L M A A H R V W S R I P K I D K,0
W K S Y V R R W A M D,0
V L E Q V V Q Q G R P M L I I A E D V E G,0
D T K A L Y L S K R A E L A P C H R L K K K G S S S V R T Q S S E,0
F L F S L I R K A I G G L I S A F K,1
G L K K I F K A G L G S L K K G I A A H V A S,1
Q A L S S G A T V E Q A R Q E L V A K I G E N I K L R,0
I V I R H L Y I E R R M V P L N,0
F L G G L I K W W P W R R A M D,1
F E E V F D E N P D V M I R V I Q V I M I R L Q R V L F T A L R,0
F V R W F S K F L G R I L,1
G I P C A E S C V W I P C T V T A L V G C S C S D K V C Y N,1
F F H H I F R P I V H V P K T I H R L V T G,1
V R T Y N A V D V E G L Y T L G T V V V D Y R G Y R V T A Q S I I P,0
K K A A A A F A A F A A W F A A F A A A A K K K K,1
G P G P N G H S H L L K T P L G G Q K R S F S H L L P,0
I S V E D I K N T L G N T D I I K N,0
R I S F K K G K G S W I K N G L I K G I K G L G K E I S L D V I R T G I D I A G C K I K G E C,1
G L K E V L H S T K K F A K G F I T G L T G Q,1
A P Q L A D L R M I A E S V E I P V F A Q H I D P I K P G,0
M E S V S D A V Q L M L G F G T F V L M L L G L V V E L I K N S N K K,1
S S R A L V L D R D G Q V K,0
K K K A A A F A A W A A F A K K K,1
V E R S R K A A Q Q A D,0
C G E T C V G G T C N T P G C T C S W P V C T R N G L P V,1
I D K A E R G T R I V L H,0
T D F N I L Y S M M K K H E E F R W M R L R I R R,0
G L W S K I K E V G K E A A K A A A K A A G K A A L G A V S E A V A M D,1
D S H A K R H H G Y K R K F H E K H H S H R G Y,1
F V Q W F S K F L G R I L,1
G I I N T L Q K Y Y W R V R G G R W A V L S W L P K E E Q I G K W S T R G R K W W R R K K,1
L V P G G G A S E M A V A H A L T E K S K A M T,0
T L G I I F F A I F F R E P P R I S,0
G I G A V L I V L T T G L P A L I S W I K R K R Q Q,1
C A E S C V W I P C T V T A L L G C S C S N N V C Y N G I P,1
G T P C G E S C V Y I P C I S G V I G C S C T D K V C Y L N,1
L L I I L R R R W R K Q A K A K S K A M D,1
A C T A L K S L L K T L S K A K A A K L K T L L K A L S K A M D,1
E A Q N L E K E I A A L E Q A I Q G L E K E I P A L A Q Q I Q A L E L,1
V C G E T C V G G T C N T P G C T C S W P V C T R D G L P,1
I L P F K F P F F P F R R,1
A I V F D T V R R Y F T Y R G Y D V K Y V S N F T D V D D K,0
F F H H I F R G I V H V A K T I H R L V T G,1
C G E S C V W I P C I S A A L G C S C K N K V C Y R N G I P,1
K V K V K V K V P P T K V K V K V K A M D,1
K K L F K K I L K Y L K K L F K K I L K Y L K K L F K K I L K Y L,1
F L G L L F H G V H H V G K W I H G L I H G H H,1
G L F D I I K A I A E S F A M D,1
T Y D N I K A M K K Q L R S I G L S L D W S R,0
I I K V P L K K F K S M R E V M R D H G I K A P V V D P A T K Y,0
F C Y C R R R F C V C V G R,1
F L R F I G S V I H G I G H L V H H I G V A L A M D,1
K Q Y Q H E E D E D F Y P D S M E Y S,0
G I L K T I K S I A S K V A N T V Q K L K R K A K N A V,1
G N G N L L G G L L R P V L G V V K G L T G G L G K K,0
K R R L I F R I L K L F F R F L V K K R A M D,1
A I M R E T N A P V V F D A T H S V Q L P G G Q G T S S G G Q R E F,0
G Q E D A D R D G I G D A C D D D A D G D G I L,0
F L P L V T M L L G K L F A M D,1
P R I V Y L N K M D R V G A D F F,0
G L K K I F K A G L G S L V K G I A A H V A S,1
R L Y R R L Y R R L Y R R L Y R R L Y R R L Y R R L Y R R L Y R,1
W K R W V Q R W K R F L R A M D,1
K E R T L K R L E R T L Q F L K K T M T V K T R F,0
I Q L Y L S A A T T A V K E G R N Q,0
V E S F D Q F V I L L K N T V S Q M V Y K H A I S T V,0
G F G A L F K F L A K K V A K T V A K Q A A K Q G A K Y V V N K Q M E A M D,1
E N R S H V I F V L W G N A A R K K C D L L F H S S H K H A,0
A S F H S V S K G Y M G E C G F R G G Y V E,0
V C G E T C V G G T C N T P G C S C S R P V C T R N G L P,1
V R R F P A A A P F L R R,1
P V H M T T A V F F D F G,0
G F L S I L K K V L P K V M A H M K,1
M L D A Y G D I A K I D S A R R C G L Y H F C L K N T P H,0
R Q I W K F E C K A T V D G K A V C S A E,0
R F F A S S I L H H T S E C T Q M D H L G C L H Y,0
I L P W K W P W L P L R R,1
S Y N D A L I G D I E V M D D T A I S L A K D N,0
A C T K W K S F L K T F K S A K K T V L H T A L K A I S S A M D,0
G I G K F I H A V K K W G K T F I G E I A K S A M D,1
W K R W V R R W K R W L R A M D,1
V D L T L D E K G E N G V G E L S S E Y N R L Q E K F E E,0
A P H P Y G V P T P P T G A Y S R A G,0
C V H W Q T N P A R T S C I G P,1
A C T K W K S F L K T F K S A V K T V L H T A L K A I S S A M D,1
K N W K G I A G M A K K L L G E N W E L M,1
Y E R S L A V I T A A R D Y G L V T K S N L I L G M,0
F F G W L I K G A I H A G K A I H G L I H R R R H A M D,1
Y V N E Q L A F T G D T L F S G G C G R L F E G S A E,0
C G E S C V W I P C I S S A I G C S C K N K V C Y R N G I P,1
L L L S A D L N R L A D Y L N P D L K K L Q A K G I T S V K S R,0
H L L Y L Y R S F T S Q T Y M D S S T V H L F V T I I S,0
G I G K F L H S A G K F G K A F V G E I M K S,0
L M E A G F D V D V A T L S G Y P V K L E L W A M P,0
F F H H I F R G I V H V A K T I H R L V T G,1
L C Y C R R R F C W C V,1
R E I S T I T P R F T V V E K D P K L A S F I R N E Y P,0
T Q S E Y Y N H A I D W Q T G P G,0
G I W S S I K N L A S K A W N S D I G Q S L R N K A A G A I N K F V A D K I G V T P S Q A A S,1
H I M S E K E I M G E A N C Q F I V K L F K T F K D K K,0
Y D L V K T M R A S I W A L G P L V A R F G Q G Q V S L P G G,0
C G L G F K A F W E E E T G F H Y D L F D K I D P K L S,0
A A G L A M L F L G I L S A A G S T M G A R A,1
G L F D V I R K V A S V I G G L,1
I L P L K L P W L P L R R,1
G L F G V L A K V A A H V V P A I A E H F,1
T S T E S R G T D T E S S G E E K D S D S M E D T G H Y S I N D,0
R A G L Q F P V G R L L R R L L R R L L R,1
G V C G K A S L Q A V S Q V S R F A P G G D P A,0
F L P W F S K F L G R I L,1
S A V W R H W R R F W L R K H R K H,1
D S H A K R H H G Y K R K F H E K H H S H R G Y,0
E P D D G I A A I G S G G P Y A L A A,0
G I G K F L H S A K K F G K A F V A E I M N S,1
L K W N L A V I Q L F S A E G M D T F I R V L Q K L N S I L T Q P W R L,0
G L W S K I K T A G K S V A K A A A K A A V K A V T N A V,1
R A G L Q W P I G R L L R R L L R R L L R,0
K R K L I F L A A F L A A L A L F K K R A M D,1
K N W K G I A G M A K K L L G K N W E L M E K,1
A C T K W K S F L K T F K S A K K T L L H T A L K A I S S A M D,1
A C T A L K S L L A T L S K A A K K A L K T L L A A L S K A M D,1
F D W D S V L K G V E G F V R G Y F,1
S K V W R H W R R F W H R A H R K L,1
V I T N M K F P G Y M L I V,0
G V P C G E S C V F I P C I T G V I G C S C S S N V C Y L N,1
N L M S S V L P D G T T T C,0
D Y R V E G D Y S Q A A F F F C A D A L S S N I V L,0
K K A A A A F A A F A A W F A A F A A A A K K K K,1
L C Y C R R R F C V C V G R,1
G L G S L L G K A F K F G L K T V G K M M G G A P R E E,1
G A G N N T I N R L Y N I G V E G A D T V A I N T D K Q H,0
F F R N L W K G A K A A F R A G H A A W R A,1
P P E G F N L R R D V Y I R V A S L L K T L L K T E E W V L V L P P,0
G L W S T I K Q K G K E A A I A A A K A A G Q A A L G A L,1
A A C V L G P G R I A S L A A L D D S K K L,0
A C T K W K S F L K T F K S L K K T V L H T L L K L I S S A M D,1
Q G V L A N A A T R F A V G D T L K V,0
G V L G T V K N L L I G A G K S A A Q S V L K T L S C K L S N D C,1
G L K K L I S W I K R A A Q Q G,1
R F R R L R W K T R W R L K K I W W P F L R R A M D,1
R L V R I L V S K R P V A I K P Y F R L,0
Q Q Q R P S A T P S F P R L V R N T T A N L S L S D F Q V L N P,0
Y S M G V R E Q I I F P E I D Y,0
E E Q M A A E C L Q I N D L I L S V Y K D F G F E E I T I K L,0
S C C A L V G G E T A E M P G M Y H A G D Y D L A G F C V G V V E,0
K A M G Y I G F Q A Q D I E D S L R Q R K F N E T M A S Y,0
G I G K F L H T L K T F G K K W V G E I M N S,1
I C E Q V G D P A T S K G P,0
S A V G R H L R R F L L R K H R K H,1
G L L D F V T G V G K D I F A Q L I K Q I A M D,1
G L W S K I K T A G K S V A K A A A K A A V K A V T N A V,1
T D D P V E A I E Q M E I E L S R L T E E L T S R E Q K L V I S S R S V,0
A C T A L K S L L A T L S K A K K K K L K T L L A A L S K A M D,1
V E P L W R F V N D T K D K R M L V Y K S E D I K D F S R L Q S P K V C,0
G I W K K W I K K W L K V L K N L F A M D,1
I L P L K W P W W P W R R,1
M V C V I A S K S K S D G L K F E I T K K I P I S K C K L K A L P G D M V S V H Y T G S L A E N G K V F D S S L R R N E P I Q F K L G A G Q V I A G,0
R Q I K I W F Q N R R M K W K K,1
S A V G R H G R R F G L R K H R K H,1
K K L F K K I L K Y L A G P A K F L H S A K A G P A K D W E H L K D W E H L K D W E H L K D E L,0
W F G E S E A N V R E I F D K A,0
V R R F A W W W A F L R R,1
K W K L F K K I E K V G Q N I R D G I I K A G P A V A V V G Q A T Q I A K,1
L H N F N S K I Q A V V Q H S G V K,0
R I Q E N G S L I T I L V I A G V F W V H R L I K F I Y N I C C Y,0
K K K K K K A A F L A W A L F A A,1
Q A E Q C R K I S A S L Q S Q S P E H L L P V L I Q A A Q L C R E K,0
G F M K Y I G P L I P H K V K A I S D L I A M D,1
A C T K W K S F L K T F K S L K K T V L H T L L K A I S S A M D,0
V R R F P F F F P F L R R,1
K I V V E A F D D P D V K N V T C Y V S R A K T G G I,0
A L I E A L E K A K A L N K A V H I L G L L S P G G V H S R D N Q,0
F R R F R K W F R R F L K L F A M D,1
F D E S L K S K D F V K L I N K R L S Q K I N A T N E D D W N L L E,0
T E P G I K G D T A T G A T K S A T V E T G Y T L N V P L,0
S T L A S E G S Y G E K G V E S F T Q I S K E A G G L C I A Q S,0
A C T F K K L K K L F S K L W N W K A M D,0
K W K S F L K T F K S L K K T V L H T A L K A I S S,1
A F C H T R T N D Y K S D K P S G K Y A S S T L I R K M I F E G,0
N N K F N H F I M T K L A E A G I P T Q M E R L L S D,0
Q A D F Q K V V A G V A N A L A H R Y H,1
F L G L L F H G V H H V G K W I H G L I H G H H,1
S G E V M I S A L G D P R G N G K G G F V L L D G E T F E V K G T W E Q,0
R G G R L C Y C R P R F C V C V G R,1
P A I C Q R A T A T L G T V G S N T S G T T A I E A C I L L,1
A C T G L K A L K K V F Q G I H K A I K L I N N H V Q A M D,1
A G P L V R S S Y H A D E Q V N E,0
C G E S C V W I P C I S A A V G C S C K S K V C Y K N G T L P,1
G W K D W L N K G K E W L K K K G P G I M K A A L K A A T Q,1
Y V E M S A K E H E F A C E,0
G K M K E Y F K K F G A S F K R R F A N L K K R L,1
L V R Y G K Q T M T G A I K D G L S A M S R Y Y L N N F Q D G V R Q,0
R A Q A A L A R D M G P P T F P E D V P A L Q R E L E R L R A E,0
A K A L R D A G L A V R D V S E L T G F P,0
E Q N E Q A Q D I Q N E Q V E Q S N E Q,0
A M K S L D I M L S H G T T T,0
F L P L L A G L A A N F L P K I F C K I T R K C A M D,1
R R W R I V V I R V R R A M D,1
C K K I G A V L K V L T T G L P A L I S W I K R K R Q Q K K C,1
C G E S C V F I P C I T S L A G C S C K N K V C Y Y D G G S V P,1
C I G A V L K V L T T G L P A L I S W I K R K R Q Q C,1
C G E S C V W I P C I S A V V G C S C K S K V C Y K N G T L P,1
A C T K W K S F L K T F K S L K K T V L H T L L K A I S S A M D,0
T R S S R A G L Q W A V G R V H R L L R K,0
N P W T T P P E A A Y D L T V S L E D A P D T P D I V E I T F D A G,0
S A A S N R I P A I A G T G S N N T E E A L L M T R A A K M,0
S K K L F K K I L K Y L A G P A K K L F K K I L K Y L K D E L,1
A C T A R K K W F W A M D,0
L D T Q M F G L Q K E V D F A V Q L,0
R R W P W W P W K W P L I,1
A Y R I P A I A G E R R Y G T I Y Q G R L W A F A M D,1
I S A S A E E L R Q R L A P L A E D V R G N L R G,0
C G E S C V W I P C I S A V V G C S C K S K V C Y K N G T L P,1
H A E H K V K I K V K Q K Y G Q F P Q G T E V T Y T C S G N Y F L M,1
A W A S F F K K A A H V A K H V A K A A L T H Y L,1
G L P A L I S W I K R K R A M D,1
L R A D V A L T T A S V T L P S D G E,0
L N K L L G S V V I S Q G G V L P H I M A E L,0
P M P V S Q E C F E T L R G H E R I L S I L R H Q N L L K E L Q D L A L Q G A K E R A H Q Q,0
F L F S L I P K A I G G L I S A F K,1
A C T A L A S L L K T L S K A K K K K L K T L L K A L S A A M D,1
Q G L E D S K R S K S L L P D H T S D,0
F V Q W F S K F L G R I L,1
A N A I E F D V D F D D D G V A K Y,0
V R R F G W W W G F L R R,1
F F H H I F R G I V H V G K T V H R L V T G A M D,1
A C T K W K S F L K T F K S A K K T V L H T A L K A I S S A M D,0
F G K N T T I S V K G R H D P C V G I R A V P V G E A M M N C V L L,0
V D L E P G T M D S V R A G P F G Q,0
F A E V P K L C G H I H L P A Q S G S D A V L A R M,0
I M G C Y G L G I T R V V A A A I E Q,0
V Y F S S E S H S R S D E A E N L K M M Y E D M K S R V E H V V,0
W R P G R W W R P G R W W R P G R W A M D,0
V C G E T C F G G T C N T P G C S C T W P I C T R D G L P,1
G F G T I L K A L A K I A G K V V K K L A T K P G A T Y M L K E N L K,1
K K L F K K I L K Y L G I G A V L K V L T T G L K D E L,1
G V L S V T V P A K K V D,0
R G G R L C Y C R R R F C V C R,1
G W W R R T V D K V R N A G R K V A G F A S K A C G A L G H,0
G L N A L K K V F Q G I H K A I K L I N N H V Q,1
G C A S R C K A K C A G R R C K G W A S A S F R G R C Y C K C F R C,1
I V C P L I Q N D G A Y L L C K M A D D R G V F P G Q W,0
R A D L A P G S K G L L L E D N P S I R A I S L G H G H I L,0
K A G A E A A L A A S I F H Y G E Y,0
L R L E Y R R F E Y R V,1
G V G K F L H S A K K F G Q A L V S E I M K S,1
E A A Y C N H L D V L R L L S K T T L T C L G D F K Q L H P V G F D S H,0
Y R M W R W R W R W R A M D,1
H N K Q E G R D H D K S K G H F H R V V I H H K G G K A H,1
E Q E E N V V K I Q A F W K G Y K Q R K E Y M,0
G F G T I L K A L A K I A G K V V K K L A T K P G A T Y M L K E N L K A M D,1
W L N A L K K V F Q G I H E A I K L I N N H V Q A M D,1
G N N R P V Y I P Q P R P P H P R L,0
K W K L F K K I E K V G Q N I R D G I I K A G P G I G A V L K V L T T G L,1
G F L F G A P V A L G L G V G F V P V R K P R K L P R E T I,0
E T G G E F G K G V I R A E L D V K P D L W F F G C H F,0
G F G T I L K A L A K I A G K V V K K L A T K P G A T Y M L K E N L K,1
R G G R L C Y C R R R F C V C W,1
I K I T H S N K L R E T L A D V L,0
I L P W K W P Y L P W R R,1
G L P V C G E T C V G G T C N T P G C T C S W P V C T R N,1
M E S V S V A V Q L M L G F G T F V L M L L G L V V E L I K N S N K K,1
G Q T Y A D L K A I N V N A V V N S L M K M L D F F T,0
G I G K F L H S A K K F G K A W V G E I M N S,1
G S K R W R K F E K R V K K I F E E T K E A L P V V Q G V V A V A T A V G R R,0
A A A K V R E R M Y A L I A G L D A S E V T D I V S V,0
Y A T Q L N P A F Y S V E V R I T V,0
H S P A K L E Q L I L K L D W M C L D L N Q V L K,0
L N E N T S N L A I M L E D K I L R K A R D I Y I,0
S L S R Y A K L A N R L A N P K L L E T F L S K W I G,1
L R L E Y R R F E Y R V,1
G L L R A S S V W G R K Y Y V D L A G C A K A,1
E A G L A A L R A E R A K N D R M S G R E L,0
M A A R A A R L A A R L A R L A L R A L,0
N N H E H K Q P L P S L A I A A I G V V F G D,0
G F M K Y I G P L I P H A V K A I S D L I,1
I R A V H V F R S M N E V V I P S V L Q D V P V R T S E P R K Q N L L D,0
L V Q R G R F G R F L R K I R R F R P K V T I T I Q G S A R F,1
T Q F E T D A G L E T V R G D M T E D E T R,0
K L S L L P K D K D D A R N A I L E I R A,0
L K P E M S A Y E V K D A L L E E L D K G D L D L I L L N F A N P D,0
F R R P F K W F R R F F K F F A M D,1
F P F S L I P H A I G G L I S A I K,1
I L G K I W E G I K S L F A M D,1
I L P W K W P L W P W R R,1
K W K S F L K T F K S A V K T V L H T A L K A I S S,1
V E K V R A T I V R R A A D Q K E V K K G P I N S L V P D P A T V,0
N D F M V V D A V T Q N V,0
I D M L Q I E F K C C G N N G F R D W F E I Q W I S N R Y L D F S S,0
C F R R E G R L K R D M A T S D I Q M F H H C S I H G N,0
I W V L E H P P V F T L G L A G D A G N L H S P S N Q I S L,0
I I N D T S H A R A D N C T G L K E E E,0
L L I I L R R R W R R Q A R A R S R A M D,1
A C T K W K S F L K T F K S L K K T V L H T L L K A I S S A M D,0
F H P S L W V L I P Q Y I Q L I R K I L K S G,1
F A E V P K L C G H I H L P A Q S G S D A V L A R M,0
G L P A L I S S I K R K R Q Q A M D,0
C G E S C V W I P C T I T A L A G C K C K S K V C Y N S I P,1
E K I S D L P G M P A L D A P I Y A D L H T C L E E V E A D,0
L R E L H Q L T N I D Y W F L E K L E R I I L L Q S L L T R,0
F A K M K S S A I F I N A G R G P V V D E N A,0
Q A R P D K N R D D Y D H E E D G P R K Q Q K N R S S Q N Q V R N Q,0
T A F A S A A D L K T Y L H H I E E A K K R D H R K L G,0
S L F S L I K A G A K F L G K N L L K Q G A C Y A A C K A S K Q C,1
H K T F A T P H G G G G P G A G P V A V N D K,0
K W K E F L K T F K E A K K E V L H T A L K A I S S,1
H F L G T L V N L K K K I L A M D,1
F F R L L F H G V H H G G G Y L N A A A M D,1
G R F R R L R K K T R K R L K K I G K V L K L I A M D,1
A K K V F K R L G I G A V L W V L T W G,1
F V R W F S R F L G R I L,1
P K L L E T F L S K W I G,1
G M A T A A G T T L G K L A K F V I G A V,1
G R P N P V N N K P T P H P R L,1
G L P A S I S W I K R K R Q Q A M D,0
K K L F K K I L K Y L A V A V V G Q A T Q I A K K D E L,0
S K P G I K V T K L E K L G L R M D S C C E I T F,0
D V S I L T I D N G V F E V L S T N G D T H L G G E D F D Q R I M,0
K K L F K K I L K Y L T T G L P A L I S A G P A S I L A P L G T T L Y K L I K K F L K K K D E L,1
K W K S F L K T F K S A K K T V L H T A L K A I S S,1
I L P W K W P W W P W R R,1
E T M K I K D D G Q G H L D L F L S F L N E K L L,0
A L Q E Y K P S P F Y Y F D E V D A H L D,0
C G E S C V Y I P C L T S A I G C S C K S K V C Y R N G I P,1
M E S Q S D A V Q L M L G F G T F V L M L L G L V V E L I K N S N K K,1
L C A Y V T H L P V D N Y Q T D A A V,0
A A A A A A A A A A G I G K F L H S A K K F G K A F V G E I M N S,1
E P Q R S R L Q E L A I V M N E K V G L L T E K N E K,0
E L N Y D S I N T T T T F L G K S L Q A,0
K E E P K E E P K P L S D T T Y,0
Q R I N R E K H L V L T A A H P S P L A A N R G G F F G C K V F S K,0
G I M S S L M K K L K K I I K K A M D,1
F F H H F A R G I V H V G K T I H R L V T G A M D,1
K S P K P G Q D F F P L T V N Y Q E K T Y A A G K I P G G,0
F F H H I F R A I V H V G K T I H R L V T G,1
F V G A I A A A L P H V I S A I K N A L,1
P A I A Q R A T A T L G T V G S N T S G T T E I E A C I L L,1
G W G D T F G K V L K N F A K V A G V K A A K,0
F S I S P G K V L D K F G K I V G K V L K Q L K K V S A V A K V,1
I L P W K W P L L P W R R,1
E Y A A K T E L V G K Q A M A D F E R N V M L Q A I D N Q W R E H L A A,0
R D A K E L V E L F F E E I R R A L,1
N Y H A T N P R Y H E,0
R G G R L C Y C R R R F C I C V,1
I L P W K W P W L P W R R,1
A C T K W K S F L K T F K S L K K T K L H T L L K L I S S A M D,1
G G P K S R P I E S I M A L N V K R A,0
A C T K Y Y G N G V S C N K K G C S V D W G K A I G I I G N N S A A N L A T G G A A G W S K A M D,0
G C A S R C K A K C A G R R C K G W A S A S F R G R C Y C K C F R C,1
S K K L F K K I L K Y L A G P A T T G L P A L I S W,0
K K K L F W K I P K F L H L A K K F,1
G F M K Y I G P L I P H A V K A I S K L I A M D,1
T I D D F A K L D L R V A E V R V A E A V E G A D,0
P E E E R R K W E E G R I D Y M G K D A F,0
F A L L G D F F R K S K E K I G K E F K R I V K R I K D F F R N L V P R T E S,1
Y C Y C R R R F C V C V G R,1
R G G R L C Y C R R R F C I C V,1
L L G D F F R K A R E K I G E E F K R I V Q R I K D F L R N L V P R T E S,1
T S R C I F Y R R K K C S,1
L T S T V S E K E K E M E T K I V E L K T R Y E K E L S Q L G Q E N,0
V V E R L G D Y L L D Q G M M K Y K R I V F K V G T,0
G L N A L K K V S Q G I H E A I K L I N N H V Q A M D,1
A Q A H I E Y A L Q H L Y P L A I G A T A V G T G L N A P A G F G D R,0
S L V R E S P K V L V S C F K S K T G R G L K P T S T G P G P G Y Y N P,0
K W K E F L K T F K E A K K E V L H T A L K A I S S,1
G E I L C N L C T G L I N T L E N L L T T K R K R Q Q A M D,1
R F G R F L R K I R R F R P K V T I T I Q G S A R F G A M D,1
K W R Q W Q S K W R R T N P W F W I R R,1
A S G I D P D K A T L F I Q S E V P A H V Q A G W M L T T I A S V,0
I W R I F R R I F R I F I R F,1
M S G I V E A I S N A V K S G L D H D W V N M G T S I A D V V A K G A D F I A G F F S,1
S V S N I K R Q H L T E V R S M G N P P A G V R L A L E A V C T,0
G K T L V S R T Q G T K I A S E,0
F A L A L K A L K K A L K K L K K A L K K A L,1
L Y A E F E N Y K R R I Q K E N E I N K T Y Q A Q R V L,0
I L P W K W K F F P W R R,1
G K T L V S R T Q G T K I A S E,0
G L P V C G E T C V G G T C N T P G C T C S W P V C T R K,1
A L L L K D S L R G L K K Q L N Y S D I G G A V L F G V K A P V V,0
F L F S L I P S A I G G L I S A F K,0
K K W M Q K V I D R F G G,0
E T N H T N V P I S S T G G T N N K T V P Q T S E Q E T E K R I,0
R R R R R R A A F A A W A A F A A,1
C E S C V W I P C I S S V V G C S C K S K V C Y K N G T L P,1
V F Q F L G K I I H H V G N F V H G F S H V F,1
S H G L E F I N L S T E G E N E Y K E K Q G,0
Y L A D F T T H I L Q I K I P Q R G D S T I L V E M A N T N A,0
S L K D K V K S M G E K L K Q Y I Q T W K A K F,1
R G G R L C Y C R R R F C V C T,1
M V S V S V A V Q L M L G F G T F V L M L L G L V V E L I K N S N K K,1
C G E S C V F I P C V T A L L G C S C K S K V C Y K N S I P,1
H S D G I F T D S Y S R Y R K Q M A V K K Y L A A V L G R R Y R Q R F R N K A M D,0
Q R A V Y K D L V L L L Q K D S L L,0
K M P K E Y D L F A Y P E E I N V W L I F R Q,0
T R Y T L S L M V L E R K L S S A K G A L N T L G D R I N G,0
K K A L L R A L L E P T E T L R K L E Q N G D Y T A R L A L L,0
R G G R L C Y C R R R F C V C I,1
I W D A I F H G A K H F L H R L V N P G G K D A V K D V Q Q K Q,0
R L I K L Q K H G K T V V L K L R Y S D F T T I T K R L T L N E Y T N,0
A P A V A F D H L D D M H Q A F L Q,0
P E E E R R K W E E G R I D Y M G K D A F,0
F V Q W F S K F L G K I L,1
S G G L S G A P V F E K S T E C L R L F A Q,0
R F S T Y A Y W W I R Q A I T R A I A E K A R T I R L P I H I T E K L,0
R L W D I V R R W V G W L A M D,1
E E E D L Y M I G T S E H A M A A,0
F T S E S V S E G H P D K I A D Q I S D A V L D A I L E Q,0
A S V A K S P Q T K E H L Y H A A,0
F I H H I F R G I V H A G R S I G R F L T G,1
G M W S K I K N A G K A A K A A A K A A G K A A L G A V S E A M,1
I N W K S I F E K V K N L V,1
A P V Y K E I F G A V T I H E V Q K V I K M D T E T E,0
I E S L D E V F A K K Y D E K N T I E A V E G K L F G T G I E S Y T V,0
E R R A K K S E L V A A T Y A K R F A A K E A C S K A L G T G,0
H S S G T V I L D Q L G E E H M K T G K P I F Y T S A D S V F Q I A,0
G F F G K R K E Y F K K F G A S F K R R F A N L K K R L A M D,1
G I G K F L H S A G K F G K A F I G E I M K S,1
V E Y D S F L D E N D W D I,0
L G L D W D E G P Y H Q S E R M H I Y Q Q Y T Q K L,0
I L Q K A V L D C L K A A G S S L S K A A I T A I Y N K I T,1
K V A K Q E K K K K K T G R A K R R,1
W L N A L K K V F Q G I H E A I K L I W N W V Q A M D,1
D L V I G A I N D A M A R A Q Q L A A E R,0
D S Y W Y L V G L A S W S,0
D H V A A L A R L K E E G H E V V L I T,0
G F S S I F R G V A K F A S K G L G K D L A K L G V D L V A S K I S K Q S,1
G R R K R K W L R R I G K G V K I I G G A A L D H L A M D,1
G L G S L L G K A F K F G L K T V G K M M G G A P R E E,1
M V I K K P I E V R D G N K F V R L T P T K E P,0
S A I S C G E T C F K F K C Y T P R C S C S Y P V C K,1
M S G I V E A I S N A V K S G L D H D W V N M G T S I A D V V A K G A D F I A G F F S,1
L F G V L A K V A A H V V P A I A E H F,1
T S R T R V R R S G I S P L H L A A E R N,0
G L P V C G E T C V G G T C N T P G C T C S W P V C T R K,1
K W K L F K K I E K V G Q G I G A V L K V L T T G L A M D,1
G I G K A L H S A K K F G K A F V G E I M N S,1
I L P W K W P W L P W R R,1
T E Q R N P N S M N I D Q,0
L C Y C R R R F C W C V,1
G I I N T L Q K Y Y S R V R G G R S A V L S S L P K E E Q I G K S S T R G R K S S R R K K,1
F V Q W F S R F L G R I L,1
Y V V V E I P K G E R N K Y E I A K E F P G I K L D R I I Y,0
T G E L S V K V N V L R L L T K A L R P L P D K,0
K W K S F L K T F K S A K K K V L H T A L K A I S S,1
G F M K Y I G P L I P H A V K A I K K L I,1
G S T G E A F V Q S L S E R E Q V,0
G W L K K I G K K I E R V G Q H T R D A T I Q T I G V A Q Q A A N V A A T L K A M D,0
G R F K R F R K K L K R L W H K V G P F V G P I L H Y,1
R G R I G V G H P G H,0
Q S P F T L E A N G L V L A V R L T P R A S R T G L D G V R T E A S G R P V L S L R V A A P P V E G A A N A A L T A F V A K S L G L R K A E V T L L S G E T,0
G I I N T L Q K Y Y F R V R G G R F A V L S F L P K E E Q I G K F S T R G R K F F R R K K,1
R P A F R K A A F R V M R A C V A M D,0
G L N C D A Q V L V W Q D M A G L S S G,0
R R W P L L P W K W P L I,1
E Y D V D N I L V A G P G F A K N S F Y N,0
G Y L M D E N A A M F Q E I Q L L Q E Q I N D N S Q L T Q F A,0
G K L N L F L S R L E I L K L F V G A L,1
V I W D F G L Q S S V T L V I P W I S N T H Y R,0
L C Y C R R R F C V C,1
L S F N S S N G L T N N D P E Y E D R E P R E M S K K F L N R R S,0
L V R G C W T K S Y P P K P C F V R,1
G I G A V L K V L T T G L P A L I S W I K R K R Q Q,1
L S N I K L K V E D F L N L S T Q L S G F H I C I D K G,0
I Q F G W E T I T E A L K Q G G I T,0
A C T K L K S L L K T L S K A K K K L L K T A L K A L S K A M D,1
L L I I L R R R I R K Q A H A H S K A M D,1
V W L K K Q G L L R R S A M I G L R P E D D R V Y D V I V V G A,0
G I G K F L H S A K K F A K A F V G E I M N S,1
C E S C V W I P C I S S V V G C S C K S K V C Y K N G T L P,1
D H P L L R D A I Q C R P V R E L T H S F Q,0
S R K E Q Y S N A Y A T L G E L L N R S A L P I I N,0
K W K L F K K I E K V G Q N I R D G I I K A G P A V A W V G Q A T Q I A K,1
S L R S S I K D M A A A A G R A A L N A V N G I V N P A M D,0
F L S L I P H V I S A I P H V V N A L S N L A M D,1
G G T I F D C G E T C F L G T C Y T P G C S C G N Y G F C Y G T N,1
G I F S K I N K K K A K T G L F N I I K T V G K E A G M D V I R A G I D T I S C K I K G E C,1
T G R A K R R M Q Y N R R,1
Q G W E A V A A A V A S K I V G L W R N E K T E L L G H E C K F T V K P Y L K R F Q V Y Y K G R M W C P G W T A I R G E A S T R S Q S G V A G K T A K D F V R K A F Q K G L L S Q Q E A N Q W L S S,1
I T K V I T K L L N R L S K I L S K,1
G K F S G F A K I L K S I A K F F K G V G K V R K Q F K E A S D L D K N Q,1
L K R Y I E N T I E T H I A K M F I S G E I S E G D I L K I,0
G L W S K I K A A G K E A A K A A A K A A G K A A L N A V S E A V A M D,1
L F K T P D E T T G G I T V K I A K A R E Q K G L Y,0
W L N A L K K V W Q G I H E A I K L I W N W V Q A M D,1
L I H Q G T K L I P A D F L I P I E S H N P I D N N K,0
G L F P K F N K K K V K T G I F D I I K T V G K E A G M D V L R T G I D V I G C K I K G E C,1
I L P W K L P L L P L R R,1
L V K L V A G I K K F L K W K A M D,0
R H A P W V N N I Y L I T N G Q R P K W L N V N,0
F F H H I F R G A V H V G K T I H R L V T G A M D,1
L I K R L D Q S E M V K L A E E A L N K S T A E E,0
A W K V F K R L G I G A V L W V L T W G,1
L C Y C R R R F C V C V,1
M A A D I I S T I G D L V K L I I N T V K K F Q K,1
F S Q E Q Q L M K R G L K H I A G I D E A G,0
M S V S D A V Q L M L G F G T F V L M L L G L V V E L I K N S N K K,1
R A N A L L A N G V E L T D N Q L K V P S D G L Y L I Y S Q V L,0
G F M K Y I G P L I P H A V K A I K K L I A M D,1
G F A R I V Q R I K D F L R N L V A M D,1
G G P E G L S P A C K A A A E Q S W S L,0
F F H H I F R A I V H V A K T I H R L V T G,1
P R Q L T H D A G L T V D D I A K R L M D Y G,0
D Y D W S L R G P P K C A T Y G Q K C R T W S P P N C C W N L R C K A F R C R P R,1
G L L S G V L G V G K K V L C G L S G L C,1
H G L K Q L P G L A V Q R L M Q Q G Y G F A G,0
Y S H D E M H A L R R D A I N T A K S A K K W,0
A P A V D A I W H I L N V I D D S P V A R A S L V P Y E D Y I V G,0
L Q K K N E Q K K R P K P I L L K I A P D L T D E Q L M,0
N G F K V L K K E K I H S V A A V I I L E S W F N,0
E N F F K R I R R A G K R I R D A I I S A A P A V E T L A Q A Q K I I K G G D,0
G L L R A S S K W G R K Y Y V D L A G C A K A,1
Q R N S L L R R L R E G S A T A A E L E L W D D Q L A P L,0
K R R K K D D I S L E E L F Q S L P R E K D Y F M M D A,0
E E D E M R T R V N K E M A R Y,0
A C T K W K S F L K T F K S A K K T G L H T A L K A I S S A M D,0
G I G K F I H A A K K F G K L F I G E I M N S,1
I L P W K W P W L P Y R R,1
F L G G L I K K W P W W P W R R A M D,1
L R R L W L R A N R L L R R L W L R A N R L,1
T A K A N N M P K D N I D A A I,0
M H L N I P F Y G L N L G S L G,0
A G T F V C N H L F Y G L M H E L E K H D K K I K G G F I H,0
I N E A R S Q G K K I F P K E E D V F T A F S L T P F N N V T V V I,0
F R R F F K W F R R F F K F F A M D,1
R L Y N R S G E S D V I N K R L G E A A F E I S,0
S G Y T L V H Q F C R I G A H S,0
A C T A L K S L L K T L S A A K K K K L A T L L K A L S K A M D,1
K W K L F K K I E K V G Q G I G A V L K V L T T G L,1
K Y D H L K D K A V V T Y C T G G V R C E V L S S L,0
S L H E T S T V L V E T V T,0
K W K S F L K T F K S A K K K V L H K A L K A I S S,1
K W K L F K K I E K V G Q N I R D G I I K A G P A V A V V G Q A T Q I A K A M D,0
S S S F I A C M V T I I L L L S C D F W A V K N V T G R L M V G L R W,0
K K K K K K A A A F A A A A A F A A W A A F A A A,1
K K L F K K I L K Y L A G P A K K L F K K I L K Y L A G P A K K L F K K I L K Y L K D E L,1
F R T L A Q D V L G T T Q V P Y G D E V F D F G K P F,0
W R P G R W W R P G R W W R P G R W A M D,0
I T E P D I L A S L D E L I G R W A K E R E A G,0
L L A Q V D A S I G G K T A V N H P V G K N L I G A F,0
I I V K H N L D S F E S A S S T I Q S,0
G I K E F A H S L G K F G K A F V G G I L N Q,1
A C T F K R I V Q R I K D F L R G I G K F L H S A K K F A M D,1
S R S E K A G L Q F P V G R I G R M L K K,0
G L L D F V T G V G K D I F A Q L I K Q I,1
C G E S C V W I P C I S A A L G C S C K N K V C Y R N G I P,1
K N V N S I V K I Q A F F R A R K A Q D D Y R,0
K L L K L L L K L W L K L L K L L L,1
H G P E I L R K A I K A G V P K N T,0
N L I H G R D G E D G K I A A L F E F Y S I K F I G P R,0
G L N A L K K V F Q G I H E A F K L I N N H V Q,1
R R G W V L A L Y L R Y G R R,1
M K L S C L L L T L A I I F V L T I V H A P N V K A K A L A D P E S D A V G F A D A V G E A D P F D I T,1
A C T T R K K W F W A M D,0
K W K V F K K I E K M G R N I R N G I V K A M D,0
G L P A L I S W I K R K R Q Q G,1
T V V R R R G R S P R R R T P S P R R R R S Q S P R R R R S Q S R E S Q C,0
A K Y P I K P I K L D V E N K Q V V G D L Y N G L Y R K R Q L,0
S I G T A V K K A V P I A K K V G K V A I P I A K A V L S V V G Q L V G,1
K G I T R P E M I I P E S G H S A Y D K A A Q Y F K I K,0
V R R F P Y Y Y P F L R R,1
I Y V Y N L K N M E L I N T L,0
P A L T P E L R I T A Y L P,0
I I P R L R E P K D L Y G S S S Q D G C,0
E S Y M R L N E K A L D D F C Q S L V D Y L,0
G I G K F L H S A K K W G K A F V G E I M N S A M D,0
I K M G Q G K S R E E K G T N S T N,0
F P R D Q C Y V V E V A I D E N L T K N F V C L Q T A V L H T T C N G,0
M E S Q S N A V Q L M L G F G T F V L M L L G L V V E L I K N S N K K,1
S F I K R S L K L I K S L V L I K,1
H K K S G K G T A M A Y D Q I D G A P E E R E R G I T,0
K W K V F K K I E K K W K V F K K I E K A G P K W K V F K K I E K A M D,0
E W G R R C C G W G P G R R Y C R R W C,1
V L T K I A K R N P R E I A Q A I V D H L D T S K A H V K Q V D,0
R G G R L C Y C R R R F C V C W,1
R V V R Q W P I G R V V R R V V R R V V R,0
A C T K W K S F L K T F K S A V K T V L H T A L K A I S S A M D,1
G L P L L I S W I K R K R Q Q A M D,0
F F H H I F R A I V H V A K T I H R L V T G,1
A C T E W E S F L E T F E S A K E T V L H T A L E A I S S A M D,0
V L K I A P R D L A Y F D V E A G R F R A D A G K Y E L I V A,0
A A K F L N L E A I T W A N T R D T L G K H A I,0
G F F A L I P K I I S S P L F K T L L S A V G S A L S S S G G Q E,1
P E E N N D D D E L P L V V H N R Y W R E F F G Y T P,0
E S L Q H N S V L E K I K N A I T K R V,0
R L Y R R L Y R R L Y R R L Y R,1
G K P Y G N A Y L G L R P K Y S R W L A M D,0
Q Q A Q K K G L R S R A W F K L D E I Q Q S,0
G L F E V I K K V A S V I G G L A M D,1
M K L S C L L L T L A I I V V L T I V H A P N V E A K A L A D P E S D A V G F A D A V G E A D P N A I I G L,1
G L P V C G E T C V G G T C N T P G C N C S W P V C T R K,1
G L W S T I K Q K G K E A A I A A A K A A G Q A A L G A L A M D,0
N P V L V K D A T G S T Q F G P V Q A L G A Q Y S M W K L K,1
Q R E V F I H L T D K S E T I R P E L S N A,0
T G L A D A I V D L V S T G N T L K A N N L V E V E Q I M D I S S H L,0
K A L A Q A K L S A E E V D F V E I I G G T,0
K W K S F L K T F K S A K K T V L H T A L K A I S S,1
G R A N S R N Y Y T E F A E K L P K D T V I L T A G C A K Y K Y N K,0
A L E D V S S S P Q S T E E V V Q S F L M A Q N V E G P S C M G I,0
D L V I G A I N D A M A R A Q Q L A A E R,0
G L L R A S S V W G R K Y Y V D L A G C A K A,1
G I I K K I I K K I I K K I I K K I,1
H I A N L C K V V A P A P S K S R P E,0
M A Q D I I S T I G D L V K W I I D T V N K F P K K,1
R A P S M I D E F P I L S,0
S K V G R H L R R F L H R A H R K L,1
E D M I A L I Q R L I D K G Y A Y V V D G D V Y,0
R G G R L C Y A R R R F A V C V G R,1
I L P W K L P W W P W R R,1
E I D F K Y A D A V T A C,0
G I G K F L H S A K K F G K A A V G E I M N S,1
R I M G D K A R P L W D A W A R Y E Y T Y G D L S,0
R R I R P R P P R L P R P R P R P L P F P R P G P R P I P R P L P F P,0
C F K F K F K F G S G F K F K F K F C,1
G I G A V L K V L S T G L P A L I S W I K R K R Q Q,1
G K G R W L E R I G K A G G I I I G G A L D H L A M D,1
R L Q S I A E V S Y E F I A S T L Q,0
A C T K W K S F L K T F K S L K K T V L H T L L K A I S S A M D,0
G L P V C G E T C V G G T C N T P G C T C S W P V C T K N,1
I L G P V L G L D G N A L G G L I K K I A M D,0
V C Y C R R R F C V C V G R,1
Y M K E E H D Y Q I I G E,0
I R D L R L G E F D V L V G I N L L R E G L D M P E V S,0
L L R R L L R R A M D,1
H A M P D A S K V A F V W L A R,0
K R R L F L F R L F R L F L R L F L K K A M D,1
I E T F L K Q L R S A A N K I V G L,0
R K R T E F A G A K F K E S K V F E A N E E A L,0
R W R S F F K K A A H R G K H V G K R A R T H Y L,1
T E Q I N G L R R E L F Q L R F Q Q A T R Q L A N T H,0
S L W E T I K N A G K G F I L N I L D K I R C K V A G G C K T,1
Q K W N R V H N L T A V R E P E A M L A L H V L D S,0
G I G K F L H K V K S F G K S W I G E I M N S,1
Y N G I R D M K K L P D V I W I V D T V R E K I,0
E A A Q I L G G N G G G R D D F A T A G G K D L S K I D E A L K Q S L,0
G I F S K L G R K K I K N L L I S G L K N V G K E V G M D V V R T G I D I A G C K I K G E C,1
G A A L A G L A K I L C L W A K E F T G A F K K L N K K F A M K K K,1
G I G A V L I V L T T G L P A L I S W I K R K R Q Q,1
A C T R R K K W F W A M D,0
V F E V S R G G D V T Y H G P G Q L V G Y P I F D L A L T,0
R G G R L C Y C R R R F C V C A,1
G I I N T L Q K Y Y A R V R G G R A A V L S A L P K E E Q I G K A S T R G R K A A R R K K,1
F V R W F S K F L G R I L,1
K K L F K K I L K Y L A G P A K K L F K K I L K Y L A G P A K K L F K K I L K Y L,1
L A L T L A P C A Q A A E P I E G K T V Y I D A G H G G,0
G F G S L F K F L A K K V A K T V A K Q A A K Q G A K Y V A N K H M E A M D,1
G I G K F L H S A K K A G K A F V G E I M N S,1
T D K K C S M Q T R R R L H Q T D Q Q D Y S,0
G W T L N S A G Y L L G K I N L K A L A A L A K K I L,1
S E C E M R Y Q D C G E A S S C T A L I E E C K T S L,0
I L P I K I P I I P I R R A M D,1
L L G D F F R K S K E K I G K E F K R I V Q R I K D F L R N L V P R T E S,1
D S K K Y K D R I S A A Q,0
R P S F D S A A P P E E G R R L Y D H F V Q A V R A K G V A T A T G I F,0
Q G E F L E S A E F A G N Y Y G T P R,0
L L G V F Q K M R I I L L G A P G A G K,0
V K I K G E E F P L T L G R D V S G V V M E C G L D V K Y F K P G,0
R R G W V L A L V L Y Y G R R,1
E K D F Q Q I L I I R R M V E D L A F,0
L L G D E F R K S K E K I G K E F K R I V Q R I K D F L R N L V P R T E S,1
C G E S C V W I P C I S S A I G C S C K N K V C Y R N G I P,1
R L C Y T R G R F T V C V,1
M L Q D W L S S L G D L L K S L L D T V N K F T K K,1
I L A W K W A W W A W R R,1
G I G K F I H S A K K F G K L F V G E I M N S A M D,1
Q Y P D A F L F F R L G D F Y E M F F D D A I K A A Q E L E I T L T S R D G G G E E R V P M C G V P Y H S A Q G Y I E Q L,0
P N M F N T R Q V G K T L I N,0
K L K E R I D T R N E L E S Y A Y S L K N Q I G D K E K L G G K L S S E,0
P T Q V K I W F Q N H,0
A V M G V P A H D E R D F A,0
M L I A L Y E H K V F V Q S V I W N I N P F D Q W G V E K G K Q I A,0
V A V T R H G G T M A D S G S V A Y L F E R K G V V E,0
P K E I V L M L C Q A F G I I Y P S F H S F I,0
G F F A L I P K I I S S P L F K T L L S A V G S A L S S S G G Q E,1
V G E R V L V E A T D L P A A G D R V W L K G Y,0
A Y H F E K Q I E D M L,0
E I A L A G S N P L S T Q D D V A A G L A K N G,0
S R S S R A G L Q F P V G R I H R L L R K,0
E E F F N T F N A L H D K,0
C G E S C V W I P C L T S A I G C S C K S K V C Y R N G I P,1
R V V R Q W P I G R V V R R V V R R V V R Y,0
E S F Q N A L K T P S K K F I N I G L K D E H G N F K Q L,0
E R R A K K S E L V A A T Y A K R F A A K E A C S K A L G T G,0
L I S W I K R K R Q Q G I G A V L K V L T T G L,1
K W K S F L K T F K S A A K T V L H T A L K A I S S,1
E A G L A A L R A E R A K N D R M S G R E L,0
H T A D V I L P A Q T G R A L A Q T,0
G I G K F I H S V K K W G K T F I G E I M N S A M D,1
G S M R K V L V W Q N L D S P R A I V,0
C D Q L G L T L L N F H P G S H L Q Q V S E E A C L A T,0
R R S G P Q R G S D L R Y N L E V S L,0
C G E S C V W I P C I S S A I G C S C K S K V C Y R N G I P,1
Y R A W R W A W R W R A M D,1
T E Q I N G L R R E L F Q L R F Q Q A T R Q L A N T H,0
F V K K F W G G V K A I F K G A R K G L K,0
A C T K W K S F L K T F K S L K K T V L H T L L K A I S S A M D,0
N Y I R R D I Y E V T R L T A S A G V S Y N K F,0
K G V H C H I G S Q I E G T E A F I E T A K I,0
V R D R E M F G Y M K L H P E D,0
K W K V F K K I E K M I R N I R N K I V K A M D,0
G S H R R F E K V L D T E R V V L I D D Y A H H P V,0
P S V V A W A L I V G G V L M W L L E S R K A T P D,0
R A Q A V R Y R G I R I D K Q P A Y N V E V,0
E I E D D E S D G M H Y V D L S K N P E R Y T,0
S N T N K A N N F K L L A E N R Y A K F Q Y A I S E T I E A G I E L,0
I N A D K N F G H S D D L A G Y Q I,0
G I L K T I K S I A S K V A N T V Q K L K R K A K N A V,1
G F K R I V Q K I R D F L R N L V A M D,1
G F R K R F N K L V K K V K H T I K E T A N V S K D V A I V A G S G V A V G A A M A M D,0
K N Q E A F V N L G V V L N T A M T G Q E S E K,0
K W K S F I K K L T S A A K K V V T T A K P L I S S,1
C A E S C V Y I P C T V T A L L G C S C S N R V C Y N G I P,1
H Y R I K P T F R R L K W K Y K G K F W,1
R H L N S K D V V I F A A G T G N P F F T T D,0
A C G L I I L Q I T V G Y R L L L L L L L,0
E E R H T F E K G S Y Y L C D V I P D K L A A I S I N T L Y,0
G F F A L I A K I I S S P L F K T L L S A V G S A L S S S G E Q E,1
M V I K K P I E V R D G N K F V R L T P T K E P,0
I C G E T C V G G T C N T P G C S C S W P V C T R N G L P,1
A S G P G G G A P R G P H G G A A S G L N G C C R C,0
G F M K Y I G P L I P H A V K A I K K L I A M D,1
C N S S A F F F S G F F V V F L S V L P Y A L M K G I I L R K,0
L S V K A F T G I Q L R G V C G I E V K A R G,0
G L N A L K K V F Q G I H E A I K L I N N H V Q,1
G I G K F I H S A K R F G R A W V G E I M N S A M D,1
V F E G S D A I I D F T V R D A F L A N Y K A M I A,0
M L S L S D A V Q L M L G F G T F V L M L L G L V V E L I K N S N K K,1
K I V A E A D A V V L A T E H S V S L H L A A W F,0
K D R P K K P G L C P P R P Q K P C V K E C K N D D S C P G Q Q K C C N Y G C K D E C R D P I F V G,1
G I G A V L K V L T T G A P A L I S W I K R K R Q Q A M D,1
R N F F K R I R R A G K R I R K A I I S A A P A V E T L A Q A Q K I I K G G D,0
E V Y G P E S S G K T T L T L E L I A A A Q R E G K T C A F I,0
L C Y A R R R F A V C V,1
K H F G R V A P H G K E W K W M M E N V L G V,0
E E E V E E P E E R Q Q T P E V V P D D S G T F Y D Q T V S,0
F S P Q M L Q D I I E K K T K I L,1
F F H H I F R A I V H V G K T I H R L V T G,1
F F H H I F R A I V H V G K T I H R L V T G,1
G I G K F L H S A K K F G K A F A G E I M N S,1
G L L S R L R D F L S D R G R R L G E K I E R I G Q K I K D L S E F F Q S,1
W K R W V Q R W K R W L R A M D,1
V V K P G R I L Y E I G G,0
M R I I G V D E S K I Y N D V,0
I K R T F N V P V I T D V H E P Y Q A E P V A K V C D I I Q L P A F,0
V S R R R R R R G G R R R R,1
G Y Y G D V T E K Q F R R S Y D D A S K L K G D T S Q,0
I L S A I W S G I K S L F A M D,1
I S G P V L G L V G N A L G G L I K K I A M D,0
I K E V R A I T N L G L K,0
G L P A L I L W I K R K R Q Q A M D,1
G I W S S I K N L A S K A W N S D I G Q S L R N K A A G A I N K F V A D K I G V T P S Q A A S,1
G F K R L V Q R L K D F L R N L V A M D,1
C G E S C V Y I P C L T S A I G C S C K S K V C Y R N G I P,1
R V L T P G T H G S T F G G N P L A I A I S T A A L D V L K D,0
P A I C Q R A T A T L G T V G S N T S G T T E I E A C I L L,1
L F N N Y I T A A L K L L E K L Y K V A M D,1
I I S A P V E A L G Y E L V G I E F I R G R Q S T L R I Y I D S,0
M A Q A I L E L Y P G S K L T I G P P V D D G F,0
E I N R P I K M M L S Q I S P D I V,0
K R I V Q R I K D W L R A M D,1
G L F G V L A K V A A H V V A A I A E H F,1
K R R I L I R I L K L I I K L I L K K R A M D,1
S A V E K D R E D F R E A V V K T L D R L L F,0
M K L G L L V V L A V A V L V P S L S E G Q N V P S C Q L K D P N Q T P V E A G N M R N K R E A D D S S E E S D L A E I,1
G P L P P S I Q T T L P T S V N L T Q L,0
G I G K F L H S A G K F G K A F I G E I M K S,1
E S E D F S V G E I K,0
F L S L I P H A I N A V S T L V H H F,1
G V P C G E S C V F I P C I T G V I G C S C S S N V C Y L N,1
L L R R L L R R L L R R L L R R,1
K W K S F L K T F K S L K K T V L H T A L K A I S S,1
I L P W K W K F F P W R R,1
L R E D K V E F S L S I E A I K K,0
T Q S E Y Y N H A I D W Q T G P G,0
L T K F G G N I Q F I E V P F T D I Q E E I K A K A P E A,0
P V E P D K I E E A N K G E N T S L L H P V S L H G M D D P,0
C G E S C V F I P C I T S L A G C S C K N K V C Y Y D G G S V P,1
H D E N H P Y R T W N Y H G S Y D V K P T G S,0
P K E I V L M L C Q A F G I I Y P S F H S F I,0
G I W K K W I K K W L K K L K N L F A M D,1
H L R R I N K L L T R I G L Y R H A F G,1
R G G R L A Y A R R R F A V A V G R,1
N S K L L N G S Q R V V M D G V I S D H E C Q E L Q R L T N V A A,0
G P Y Y P Y L G S N T K E S T S I L Q P W E K E T K V P,0
I I S T I G D L V K W I I D T V N K F T K K,1
I L P W K W P W W P A R R,1
G L G S L L G K A L K F G L K A A G K F M G G E P Q Q,1
A C T K W K S F L K T F K S A K K T V L H T L L K A I S S A M D,1
R L W L A I G R G A M D,1
A I W R K A T R R L V K L I V A M D,1
T I A T N M A G R G T D I K L G E G V R E L G G L,0
I L Q K A V L D C L K A A G S S L S K A A I T A I Y N K I T,1
G T P C G E S C V Y I P C I S G V I G C S C T D K V C Y L N,1
G A G A L A K F L A K K V A K T V A K Q A A K Q G A K Y V V N K Q M E,1
G W L D V A K K I G K A A F N V A K N F L F N K A V N F A A K G I K K A V D L W G,1
S R P N A M T V F W S K M A Q S M T S,0
T E A T G K Q C I Y L I D D F A S E L D S H R R Q L L A,0
R L V L A L A A H F K P G S S R T,0
C G E S C V F I P C V T A L L G C S C K S K V C Y K N S I P,1
A C T K W K S F L K T F K S L K K T V L H T L L K A I S S A M D,0
I W R I F R R I F R I F I R F,1
F A L L G D F F R K S K E K I G K E F K R I V Q R I K D F F R K L V P R T E S,1
V V T K H I K I V D K G F L T D R E Y Y S A F H D,0
F L R F I G S V I H G I G H L V H H I G V A L,1
A G W G S I F K H I F K A G K F I H G A I Q A H N D A M D,1
A I V M G A E G D G M R R L T R E T C D D L I K I,0
K F T I V F P H N Q K G N W K N V P S N Y H Y C P,1
G K G A L K K F L A K K V A K T V A K Q A A K Q G A K Y V V N K Q M E A M D,1
G L L S G I L G A G K H I V C G L T G C A K A,1
R R R R R R R V S R R P M R R Y R S R R P R R L V,0
R E I D A L L L E L D G T E N K S N V G A N A I L A,0
F L P W F S K F L G R I L,1
V Y F I S I G D N S R K H A M L L S E N I R S T L P S L R L M V H H G G,0
T R S S R A G L Q F P V G R V H R L L R K,0
I A V V A S F V D P K D H S F L K K L,0
T M M A D W A N D D V N L F G W R E E,0
W G R A F R R G V R R L A R G G R R A M D,0
L L R V R D D D I P G L V M D G,0
G F F A L I A K I I S S P L F K T L,1
I L P W K W P L L P W R R,1
H A E H K V K I G V E Q K Y G Q F P Q G T E V T Y T C S G N Y F L M,1
L C Y C R R R F C V C,1
V L T D V H D I D Q V A P V A A V V D,0
E G G K V T V K T E A G A T,0
I L V V A R F G N T R L L D N I W L M K T E,0
S V S K V L W L D E I Q Q A V D D A N V D K D R A K Q W V T L V,0
C F K F K F K F G S G F K F K F K F C,1
I C S L S T M Y T F L L,0
G F M K Y I G P L I P H A V K A I S D L I,1
G F S S I F R G V A K F A S K G L G K D L A K L G V D L V A,1
V A G S G T G R G S P A V T L V Q L P S G Q T V Q V Q G V I Q T P H,0
R L Y R K V Y G R L Y R K V Y G R L Y R K V Y G R L Y R K V Y G R L Y R K V Y G R L Y R K V Y G R L Y R K V Y G R L Y R K V Y G K K K K K K K,1
K N W K G I A G M A K K L L G E N W K L M,1
G L L C Y C R K G H C K R G E R V R G T C G I R F L Y C C P R R,1
G F M K Y I G P L I P H A V K A I S D L I A M D,1
I T K Q I T K Q L N R Q T K I Q S K,1
R A G L Q F P V G R L L R R L L R R L L R,1
Q F G G M L L A Y S G V Q S K K L T A M Q,0
A V G I G A L F L G F L G A A G S T M G A R S,1
K W K S F L K T F K S A K K T V L H T A L K L I S S,1
I L P W K W P F F P W R R,1
G L P V C G E T C V G G T C N T P G C T C S W P V C T K N,1
L G V T R A I S D A L G I P V I,0
I F S N T A L V N C M R Q T L Q D T G H N P,0
Q A Y A D I P S I V R R T I L D I G,0
G L P V C G E T C V G G T C N T P G C K C S W P V C T R N,1
T P D L G G K A S T Q Q V V D D V L S R L M I S S E E K V E F L,0
R A K I F K K I E K V G R N V R D G I I K A G P A V A V V G Q A A T V V K A M D,0
G L P V C G E T C T L G T C Y T Q G C T C S W P I C K R N,1
Y E R S L A V I T A A R D Y G L V T K S N L I L G M,0
G F F A L I P K I I S S P L F K T L L S A V,1
R E I S T I T P R F T V V E K D P K L A S F I R N E Y P,0
V L S A A D K G N V K A A W G K V G G H A A E,1
L A P T G M F V A T A K Y M V I Q G E P G A V I R G K K G A,0
R L G N F F R K V K E K I G G G L K K V G Q K I K D F L G N L V P R T A S,1
P P H G G L A P G I D R M V M L L A G,0
F S A L F G M E K S I F R Q L K I Y,0
V C G E T C E G G T C N T P G C S C S W P V C T R N G L P,1
S C L L P M D D A L V R C A L D L S A R P Y L I W N V,0
M L Q D L L S S L G D L L K S W L D T L N K F T K K,1
V K R I I E T E H F R V E R V I G R Y D K M I K I T,0
K R I V Q R I K K W L R A M D,1
F F H H I F R P I V H V A K T I H R L V T G,1
V Q W R I R V A V I R K,1
I L P W K W P Y L P W R R,1
V I P S L C T D D K G Q L,0
K A A C A A H C L W R A M D,1
M V H E E L N N K P Y V I N D L V G A,0
M L S V S D A V Q L M L G F G T F V L M L L G L V V E L I K N S N K K,1
D P V S K I F F E Q G T Y Q C L E N C G T V A L T I,0
I P A T I R Q Q P P S V V A D T,0
G F M K Y I K P L I P H A V K A I S K L I,1
G L F G K S S V W G R K Y Y V D L A G C A K A,1
I I V L D S K R S N A I N I G L T V,0
I L S T T L V Y S V V Y G Y R F W T G F G L P G S A F P,0
L L G D E F R K S K E K I G K E F K R I V Q R I K D F L R N L V P R T E S,1
G I G K F L H K V G S F I K S W K G E I M N S A M D,1
F F S L G N L W A I I S S L A T Q R Q A E G I L N L I E A K W E,0
A V S V T F M D S Q D T P I F E P L P,0
C G E S C V Y I P C L T S A V G C S C K S K V C Y R N G I P,1
F S E A I K K I I D F L G E G L F D I I K K I A E S F,0
K W K S F L K T F K S A K K K V L H T A L K A I S S,1
F G I S A R S V T V S T V G L A P A I R K L A D E R L G V T L A L S L,0
V T V L L K A L G W T T E Q,0
G I G K F L H S A G K F G K A F I G E I M K S,1
L S E M N M V V E G I Y T T K S V Y H L A K E K N V D M P I T N A L Y R,0
M S D F V N A I S E A V K A G L S A D W V T M G T S I A D A L A K G A D F I L G F F N,1
I T P I A D F H S K V I S V E F N K,0
G L G S L L G K A F K F G L K T V G K M M G G A P R E Q,1
I W R I F R R I F R I F,1
V Q R C A S S V A I L Q Q Y F S N T I S R L L L P V,0
A I R I T H L P T G I V V E C Q D E R S Q H K N,0
S C Q A L I L A P T R E L A Q Q I Q,0
R A G L Q F P V G R V H R L L R K,0
S E L N I L A E G P V I A I H Q P E S E L A K M D E,0
V K W M L E S L A I A R Y M,0
L K D V E E A Q Q K I I N I I R R L,1
F R R P F K W P R R F F K F F A M D,0
D E K Q F I S M V N E G A F I E H A K V F N H W Y,0
